-- phpMyAdmin SQL Dump
-- version 5.0.2
-- https://www.phpmyadmin.net/
--
-- Host: 127.0.0.1
-- Waktu pembuatan: 10 Jan 2021 pada 20.27
-- Versi server: 10.4.14-MariaDB
-- Versi PHP: 7.4.10

SET SQL_MODE = "NO_AUTO_VALUE_ON_ZERO";
START TRANSACTION;
SET time_zone = "+00:00";


/*!40101 SET @OLD_CHARACTER_SET_CLIENT=@@CHARACTER_SET_CLIENT */;
/*!40101 SET @OLD_CHARACTER_SET_RESULTS=@@CHARACTER_SET_RESULTS */;
/*!40101 SET @OLD_COLLATION_CONNECTION=@@COLLATION_CONNECTION */;
/*!40101 SET NAMES utf8mb4 */;

--
-- Database: `dwh`
--

-- --------------------------------------------------------

--
-- Struktur dari tabel `customer`
--

CREATE TABLE `customer` (
  `customerNumber` int(11) NOT NULL,
  `name` varchar(250) NOT NULL,
  `asal` varchar(250) NOT NULL
) ENGINE=InnoDB DEFAULT CHARSET=utf8mb4;

--
-- Dumping data untuk tabel `customer`
--

INSERT INTO `customer` (`customerNumber`, `name`, `asal`) VALUES
(103, 'Atelier graphique', 'Nantes, France'),
(112, 'Signal Gift Stores', 'Las Vegas, USA'),
(114, 'Australian Collectors, Co.', 'Melbourne, Australia'),
(119, 'La Rochelle Gifts', 'Nantes, France'),
(121, 'Baane Mini Imports', 'Stavern, Norway'),
(124, 'Mini Gifts Distributors Ltd.', 'San Rafael, USA'),
(125, 'Havel & Zbyszek Co', 'Warszawa, Poland'),
(128, 'Blauer See Auto, Co.', 'Frankfurt, Germany'),
(129, 'Mini Wheels Co.', 'San Francisco, USA'),
(131, 'Land of Toys Inc.', 'NYC, USA'),
(141, 'Euro+ Shopping Channel', 'Madrid, Spain'),
(144, 'Volvo Model Replicas, Co', 'Luleå, Sweden'),
(145, 'Danish Wholesale Imports', 'Kobenhavn, Denmark'),
(146, 'Saveley & Henriot, Co.', 'Lyon, France'),
(148, 'Dragon Souveniers, Ltd.', 'Singapore, Singapore'),
(151, 'Muscle Machine Inc', 'NYC, USA'),
(157, 'Diecast Classics Inc.', 'Allentown, USA'),
(161, 'Technics Stores Inc.', 'Burlingame, USA'),
(166, 'Handji Gifts& Co', 'Singapore, Singapore'),
(167, 'Herkku Gifts', 'Bergen, Norway  '),
(168, 'American Souvenirs Inc', 'New Haven, USA'),
(169, 'Porto Imports Co.', 'Lisboa, Portugal'),
(171, 'Daedalus Designs Imports', 'Lille, France'),
(172, 'La Corne D\'abondance, Co.', 'Paris, France'),
(173, 'Cambridge Collectables Co.', 'Cambridge, USA'),
(175, 'Gift Depot Inc.', 'Bridgewater, USA'),
(177, 'Osaka Souveniers Co.', 'Kita-ku, Japan'),
(181, 'Vitachrome Inc.', 'NYC, USA'),
(186, 'Toys of Finland, Co.', 'Helsinki, Finland'),
(187, 'AV Stores, Co.', 'Manchester, UK'),
(189, 'Clover Collections, Co.', 'Dublin, Ireland'),
(198, 'Auto-Moto Classics Inc.', 'Brickhaven, USA'),
(201, 'UK Collectables, Ltd.', 'Liverpool, UK'),
(202, 'Canadian Gift Exchange Network', 'Vancouver, Canada'),
(204, 'Online Mini Collectables', 'Brickhaven, USA'),
(205, 'Toys4GrownUps.com', 'Pasadena, USA'),
(206, 'Asian Shopping Network, Co', 'Singapore, Singapore'),
(209, 'Mini Caravy', 'Strasbourg, France'),
(211, 'King Kong Collectables, Co.', 'Central Hong Kong, Hong Kong'),
(216, 'Enaco Distributors', 'Barcelona, Spain'),
(219, 'Boards & Toys Co.', 'Glendale, USA'),
(223, 'Natürlich Autos', 'Cunewalde, Germany'),
(227, 'Heintze Collectables', 'Århus, Denmark'),
(233, 'Québec Home Shopping Network', 'Montréal, Canada'),
(237, 'ANG Resellers', 'Madrid, Spain'),
(239, 'Collectable Mini Designs Co.', 'San Diego, USA'),
(240, 'giftsbymail.co.uk', 'Cowes, UK'),
(242, 'Alpha Cognac', 'Toulouse, France'),
(247, 'Messner Shopping Network', 'Frankfurt, Germany'),
(249, 'Amica Models & Co.', 'Torino, Italy'),
(250, 'Lyon Souveniers', 'Paris, France'),
(256, 'Auto Associés & Cie.', 'Versailles, France'),
(259, 'Toms Spezialitäten, Ltd', 'Köln, Germany'),
(260, 'Royal Canadian Collectables, Ltd.', 'Tsawassen, Canada'),
(273, 'Franken Gifts, Co', 'München, Germany'),
(276, 'Anna\'s Decorations, Ltd', 'North Sydney, Australia'),
(278, 'Rovelli Gifts', 'Bergamo, Italy'),
(282, 'Souveniers And Things Co.', 'Chatswood, Australia'),
(286, 'Marta\'s Replicas Co.', 'Cambridge, USA'),
(293, 'BG&E Collectables', 'Fribourg, Switzerland'),
(298, 'Vida Sport, Ltd', 'Genève, Switzerland'),
(299, 'Norway Gifts By Mail, Co.', 'Oslo, Norway  '),
(303, 'Schuyler Imports', 'Amsterdam, Netherlands'),
(307, 'Der Hund Imports', 'Berlin, Germany'),
(311, 'Oulu Toy Supplies, Inc.', 'Oulu, Finland'),
(314, 'Petit Auto', 'Bruxelles, Belgium'),
(319, 'Mini Classics', 'White Plains, USA'),
(320, 'Mini Creations Ltd.', 'New Bedford, USA'),
(321, 'Corporate Gift Ideas Co.', 'San Francisco, USA'),
(323, 'Down Under Souveniers, Inc', 'Auckland  , New Zealand'),
(324, 'Stylish Desk Decors, Co.', 'London, UK'),
(328, 'Tekni Collectables Inc.', 'Newark, USA'),
(333, 'Australian Gift Network, Co', 'South Brisbane, Australia'),
(334, 'Suominen Souveniers', 'Espoo, Finland'),
(335, 'Cramer Spezialitäten, Ltd', 'Brandenburg, Germany'),
(339, 'Classic Gift Ideas, Inc', 'Philadelphia, USA'),
(344, 'CAF Imports', 'Madrid, Spain'),
(347, 'Men \'R\' US Retailers, Ltd.', 'Los Angeles, USA'),
(348, 'Asian Treasures, Inc.', 'Cork, Ireland'),
(350, 'Marseille Mini Autos', 'Marseille, France'),
(353, 'Reims Collectables', 'Reims, France'),
(356, 'SAR Distributors, Co', 'Hatfield, South Africa'),
(357, 'GiftsForHim.com', 'Auckland, New Zealand'),
(361, 'Kommission Auto', 'Münster, Germany'),
(362, 'Gifts4AllAges.com', 'Boston, USA'),
(363, 'Online Diecast Creations Co.', 'Nashua, USA'),
(369, 'Lisboa Souveniers, Inc', 'Lisboa, Portugal'),
(376, 'Precious Collectables', 'Bern, Switzerland'),
(379, 'Collectables For Less Inc.', 'Brickhaven, USA'),
(381, 'Royale Belge', 'Charleroi, Belgium'),
(382, 'Salzburg Collectables', 'Salzburg, Austria'),
(385, 'Cruz & Sons Co.', 'Makati City, Philippines'),
(386, 'L\'ordine Souveniers', 'Reggio Emilia, Italy'),
(398, 'Tokyo Collectables, Ltd', 'Minato-ku, Japan'),
(406, 'Auto Canal+ Petit', 'Paris, France'),
(409, 'Stuttgart Collectable Exchange', 'Stuttgart, Germany'),
(412, 'Extreme Desk Decorations, Ltd', 'Wellington, New Zealand'),
(415, 'Bavarian Collectables Imports, Co.', 'Munich, Germany'),
(424, 'Classic Legends Inc.', 'NYC, USA'),
(443, 'Feuer Online Stores, Inc', 'Leipzig, Germany'),
(447, 'Gift Ideas Corp.', 'Glendale, USA'),
(448, 'Scandinavian Gift Ideas', 'Bräcke, Sweden'),
(450, 'The Sharp Gifts Warehouse', 'San Jose, USA'),
(452, 'Mini Auto Werke', 'Graz, Austria'),
(455, 'Super Scale Inc.', 'New Haven, USA'),
(456, 'Microscale Inc.', 'NYC, USA'),
(458, 'Corrida Auto Replicas, Ltd', 'Madrid, Spain'),
(459, 'Warburg Exchange', 'Aachen, Germany'),
(462, 'FunGiftIdeas.com', 'New Bedford, USA'),
(465, 'Anton Designs, Ltd.', 'Madrid, Spain'),
(471, 'Australian Collectables, Ltd', 'Glen Waverly, Australia'),
(473, 'Frau da Collezione', 'Milan, Italy'),
(475, 'West Coast Collectables Co.', 'Burbank, USA'),
(477, 'Mit Vergnügen & Co.', 'Mannheim, Germany'),
(480, 'Kremlin Collectables, Co.', 'Saint Petersburg, Russia'),
(481, 'Raanan Stores, Inc', 'Herzlia, Israel'),
(484, 'Iberia Gift Imports, Corp.', 'Sevilla, Spain'),
(486, 'Motor Mint Distributors Inc.', 'Philadelphia, USA'),
(487, 'Signal Collectibles Ltd.', 'Brisbane, USA'),
(489, 'Double Decker Gift Stores, Ltd', 'London, UK'),
(495, 'Diecast Collectables', 'Boston, USA'),
(496, 'Kelly\'s Gift Shop', 'Auckland  , New Zealand'),
(103, 'Atelier graphique', 'Nantes, France'),
(112, 'Signal Gift Stores', 'Las Vegas, USA'),
(114, 'Australian Collectors, Co.', 'Melbourne, Australia'),
(119, 'La Rochelle Gifts', 'Nantes, France'),
(121, 'Baane Mini Imports', 'Stavern, Norway'),
(124, 'Mini Gifts Distributors Ltd.', 'San Rafael, USA'),
(125, 'Havel & Zbyszek Co', 'Warszawa, Poland'),
(128, 'Blauer See Auto, Co.', 'Frankfurt, Germany'),
(129, 'Mini Wheels Co.', 'San Francisco, USA'),
(131, 'Land of Toys Inc.', 'NYC, USA'),
(141, 'Euro+ Shopping Channel', 'Madrid, Spain'),
(144, 'Volvo Model Replicas, Co', 'Luleå, Sweden'),
(145, 'Danish Wholesale Imports', 'Kobenhavn, Denmark'),
(146, 'Saveley & Henriot, Co.', 'Lyon, France'),
(148, 'Dragon Souveniers, Ltd.', 'Singapore, Singapore'),
(151, 'Muscle Machine Inc', 'NYC, USA'),
(157, 'Diecast Classics Inc.', 'Allentown, USA'),
(161, 'Technics Stores Inc.', 'Burlingame, USA'),
(166, 'Handji Gifts& Co', 'Singapore, Singapore'),
(167, 'Herkku Gifts', 'Bergen, Norway  '),
(168, 'American Souvenirs Inc', 'New Haven, USA'),
(169, 'Porto Imports Co.', 'Lisboa, Portugal'),
(171, 'Daedalus Designs Imports', 'Lille, France'),
(172, 'La Corne D\'abondance, Co.', 'Paris, France'),
(173, 'Cambridge Collectables Co.', 'Cambridge, USA'),
(175, 'Gift Depot Inc.', 'Bridgewater, USA'),
(177, 'Osaka Souveniers Co.', 'Kita-ku, Japan'),
(181, 'Vitachrome Inc.', 'NYC, USA'),
(186, 'Toys of Finland, Co.', 'Helsinki, Finland'),
(187, 'AV Stores, Co.', 'Manchester, UK'),
(189, 'Clover Collections, Co.', 'Dublin, Ireland'),
(198, 'Auto-Moto Classics Inc.', 'Brickhaven, USA'),
(201, 'UK Collectables, Ltd.', 'Liverpool, UK'),
(202, 'Canadian Gift Exchange Network', 'Vancouver, Canada'),
(204, 'Online Mini Collectables', 'Brickhaven, USA'),
(205, 'Toys4GrownUps.com', 'Pasadena, USA'),
(206, 'Asian Shopping Network, Co', 'Singapore, Singapore'),
(209, 'Mini Caravy', 'Strasbourg, France'),
(211, 'King Kong Collectables, Co.', 'Central Hong Kong, Hong Kong'),
(216, 'Enaco Distributors', 'Barcelona, Spain'),
(219, 'Boards & Toys Co.', 'Glendale, USA'),
(223, 'Natürlich Autos', 'Cunewalde, Germany'),
(227, 'Heintze Collectables', 'Århus, Denmark'),
(233, 'Québec Home Shopping Network', 'Montréal, Canada'),
(237, 'ANG Resellers', 'Madrid, Spain'),
(239, 'Collectable Mini Designs Co.', 'San Diego, USA'),
(240, 'giftsbymail.co.uk', 'Cowes, UK'),
(242, 'Alpha Cognac', 'Toulouse, France'),
(247, 'Messner Shopping Network', 'Frankfurt, Germany'),
(249, 'Amica Models & Co.', 'Torino, Italy'),
(250, 'Lyon Souveniers', 'Paris, France'),
(256, 'Auto Associés & Cie.', 'Versailles, France'),
(259, 'Toms Spezialitäten, Ltd', 'Köln, Germany'),
(260, 'Royal Canadian Collectables, Ltd.', 'Tsawassen, Canada'),
(273, 'Franken Gifts, Co', 'München, Germany'),
(276, 'Anna\'s Decorations, Ltd', 'North Sydney, Australia'),
(278, 'Rovelli Gifts', 'Bergamo, Italy'),
(282, 'Souveniers And Things Co.', 'Chatswood, Australia'),
(286, 'Marta\'s Replicas Co.', 'Cambridge, USA'),
(293, 'BG&E Collectables', 'Fribourg, Switzerland'),
(298, 'Vida Sport, Ltd', 'Genève, Switzerland'),
(299, 'Norway Gifts By Mail, Co.', 'Oslo, Norway  '),
(303, 'Schuyler Imports', 'Amsterdam, Netherlands'),
(307, 'Der Hund Imports', 'Berlin, Germany'),
(311, 'Oulu Toy Supplies, Inc.', 'Oulu, Finland'),
(314, 'Petit Auto', 'Bruxelles, Belgium'),
(319, 'Mini Classics', 'White Plains, USA'),
(320, 'Mini Creations Ltd.', 'New Bedford, USA'),
(321, 'Corporate Gift Ideas Co.', 'San Francisco, USA'),
(323, 'Down Under Souveniers, Inc', 'Auckland  , New Zealand'),
(324, 'Stylish Desk Decors, Co.', 'London, UK'),
(328, 'Tekni Collectables Inc.', 'Newark, USA'),
(333, 'Australian Gift Network, Co', 'South Brisbane, Australia'),
(334, 'Suominen Souveniers', 'Espoo, Finland'),
(335, 'Cramer Spezialitäten, Ltd', 'Brandenburg, Germany'),
(339, 'Classic Gift Ideas, Inc', 'Philadelphia, USA'),
(344, 'CAF Imports', 'Madrid, Spain'),
(347, 'Men \'R\' US Retailers, Ltd.', 'Los Angeles, USA'),
(348, 'Asian Treasures, Inc.', 'Cork, Ireland'),
(350, 'Marseille Mini Autos', 'Marseille, France'),
(353, 'Reims Collectables', 'Reims, France'),
(356, 'SAR Distributors, Co', 'Hatfield, South Africa'),
(357, 'GiftsForHim.com', 'Auckland, New Zealand'),
(361, 'Kommission Auto', 'Münster, Germany'),
(362, 'Gifts4AllAges.com', 'Boston, USA'),
(363, 'Online Diecast Creations Co.', 'Nashua, USA'),
(369, 'Lisboa Souveniers, Inc', 'Lisboa, Portugal'),
(376, 'Precious Collectables', 'Bern, Switzerland'),
(379, 'Collectables For Less Inc.', 'Brickhaven, USA'),
(381, 'Royale Belge', 'Charleroi, Belgium'),
(382, 'Salzburg Collectables', 'Salzburg, Austria'),
(385, 'Cruz & Sons Co.', 'Makati City, Philippines'),
(386, 'L\'ordine Souveniers', 'Reggio Emilia, Italy'),
(398, 'Tokyo Collectables, Ltd', 'Minato-ku, Japan'),
(406, 'Auto Canal+ Petit', 'Paris, France'),
(409, 'Stuttgart Collectable Exchange', 'Stuttgart, Germany'),
(412, 'Extreme Desk Decorations, Ltd', 'Wellington, New Zealand'),
(415, 'Bavarian Collectables Imports, Co.', 'Munich, Germany'),
(424, 'Classic Legends Inc.', 'NYC, USA'),
(443, 'Feuer Online Stores, Inc', 'Leipzig, Germany'),
(447, 'Gift Ideas Corp.', 'Glendale, USA'),
(448, 'Scandinavian Gift Ideas', 'Bräcke, Sweden'),
(450, 'The Sharp Gifts Warehouse', 'San Jose, USA'),
(452, 'Mini Auto Werke', 'Graz, Austria'),
(455, 'Super Scale Inc.', 'New Haven, USA'),
(456, 'Microscale Inc.', 'NYC, USA'),
(458, 'Corrida Auto Replicas, Ltd', 'Madrid, Spain'),
(459, 'Warburg Exchange', 'Aachen, Germany'),
(462, 'FunGiftIdeas.com', 'New Bedford, USA'),
(465, 'Anton Designs, Ltd.', 'Madrid, Spain'),
(471, 'Australian Collectables, Ltd', 'Glen Waverly, Australia'),
(473, 'Frau da Collezione', 'Milan, Italy'),
(475, 'West Coast Collectables Co.', 'Burbank, USA'),
(477, 'Mit Vergnügen & Co.', 'Mannheim, Germany'),
(480, 'Kremlin Collectables, Co.', 'Saint Petersburg, Russia'),
(481, 'Raanan Stores, Inc', 'Herzlia, Israel'),
(484, 'Iberia Gift Imports, Corp.', 'Sevilla, Spain'),
(486, 'Motor Mint Distributors Inc.', 'Philadelphia, USA'),
(487, 'Signal Collectibles Ltd.', 'Brisbane, USA'),
(489, 'Double Decker Gift Stores, Ltd', 'London, UK'),
(495, 'Diecast Collectables', 'Boston, USA'),
(496, 'Kelly\'s Gift Shop', 'Auckland  , New Zealand');

-- --------------------------------------------------------

--
-- Struktur dari tabel `dim_customer`
--

CREATE TABLE `dim_customer` (
  `id` varchar(100) NOT NULL,
  `name` varchar(100) DEFAULT NULL,
  `city` varchar(100) DEFAULT NULL,
  `state` varchar(100) DEFAULT NULL,
  `country` varchar(100) DEFAULT NULL,
  `customerNumber` int(11) DEFAULT NULL
) ENGINE=InnoDB DEFAULT CHARSET=utf8mb4;

--
-- Dumping data untuk tabel `dim_customer`
--

INSERT INTO `dim_customer` (`id`, `name`, `city`, `state`, `country`, `customerNumber`) VALUES
('1', 'Atelier graphique', 'Nantes', NULL, 'France', 103),
('2', 'Signal Gift Stores', 'Las Vegas', 'NV', 'USA', 112),
('3', 'Australian Collectors, Co.', 'Melbourne', 'Victoria', 'Australia', 114),
('4', 'La Rochelle Gifts', 'Nantes', NULL, 'France', 119),
('5', 'Baane Mini Imports', 'Stavern', NULL, 'Norway', 121),
('6', 'Mini Gifts Distributors Ltd.', 'San Rafael', 'CA', 'USA', 124),
('7', 'Havel & Zbyszek Co', 'Warszawa', NULL, 'Poland', 125),
('8', 'Blauer See Auto, Co.', 'Frankfurt', NULL, 'Germany', 128),
('9', 'Mini Wheels Co.', 'San Francisco', 'CA', 'USA', 129),
('10', 'Land of Toys Inc.', 'NYC', 'NY', 'USA', 131),
('11', 'Euro+ Shopping Channel', 'Madrid', NULL, 'Spain', 141),
('12', 'Volvo Model Replicas, Co', 'Luleå', NULL, 'Sweden', 144),
('13', 'Danish Wholesale Imports', 'Kobenhavn', NULL, 'Denmark', 145),
('14', 'Saveley & Henriot, Co.', 'Lyon', NULL, 'France', 146),
('15', 'Dragon Souveniers, Ltd.', 'Singapore', NULL, 'Singapore', 148),
('16', 'Muscle Machine Inc', 'NYC', 'NY', 'USA', 151),
('17', 'Diecast Classics Inc.', 'Allentown', 'PA', 'USA', 157),
('18', 'Technics Stores Inc.', 'Burlingame', 'CA', 'USA', 161),
('19', 'Handji Gifts& Co', 'Singapore', NULL, 'Singapore', 166),
('20', 'Herkku Gifts', 'Bergen', NULL, 'Norway  ', 167),
('21', 'American Souvenirs Inc', 'New Haven', 'CT', 'USA', 168),
('22', 'Porto Imports Co.', 'Lisboa', NULL, 'Portugal', 169),
('23', 'Daedalus Designs Imports', 'Lille', NULL, 'France', 171),
('24', 'La Corne D\'abondance, Co.', 'Paris', NULL, 'France', 172),
('25', 'Cambridge Collectables Co.', 'Cambridge', 'MA', 'USA', 173),
('26', 'Gift Depot Inc.', 'Bridgewater', 'CT', 'USA', 175),
('27', 'Osaka Souveniers Co.', 'Kita-ku', 'Osaka', 'Japan', 177),
('28', 'Vitachrome Inc.', 'NYC', 'NY', 'USA', 181),
('29', 'Toys of Finland, Co.', 'Helsinki', NULL, 'Finland', 186),
('30', 'AV Stores, Co.', 'Manchester', NULL, 'UK', 187),
('31', 'Clover Collections, Co.', 'Dublin', NULL, 'Ireland', 189),
('32', 'Auto-Moto Classics Inc.', 'Brickhaven', 'MA', 'USA', 198),
('33', 'UK Collectables, Ltd.', 'Liverpool', NULL, 'UK', 201),
('34', 'Canadian Gift Exchange Network', 'Vancouver', 'BC', 'Canada', 202),
('35', 'Online Mini Collectables', 'Brickhaven', 'MA', 'USA', 204),
('36', 'Toys4GrownUps.com', 'Pasadena', 'CA', 'USA', 205),
('37', 'Asian Shopping Network, Co', 'Singapore', NULL, 'Singapore', 206),
('38', 'Mini Caravy', 'Strasbourg', NULL, 'France', 209),
('39', 'King Kong Collectables, Co.', 'Central Hong Kong', NULL, 'Hong Kong', 211),
('40', 'Enaco Distributors', 'Barcelona', NULL, 'Spain', 216),
('41', 'Boards & Toys Co.', 'Glendale', 'CA', 'USA', 219),
('42', 'Natürlich Autos', 'Cunewalde', NULL, 'Germany', 223),
('43', 'Heintze Collectables', 'Århus', NULL, 'Denmark', 227),
('44', 'Québec Home Shopping Network', 'Montréal', 'Québec', 'Canada', 233),
('45', 'ANG Resellers', 'Madrid', NULL, 'Spain', 237),
('46', 'Collectable Mini Designs Co.', 'San Diego', 'CA', 'USA', 239),
('47', 'giftsbymail.co.uk', 'Cowes', 'Isle of Wight', 'UK', 240),
('48', 'Alpha Cognac', 'Toulouse', NULL, 'France', 242),
('49', 'Messner Shopping Network', 'Frankfurt', NULL, 'Germany', 247),
('50', 'Amica Models & Co.', 'Torino', NULL, 'Italy', 249),
('51', 'Lyon Souveniers', 'Paris', NULL, 'France', 250),
('52', 'Auto Associés & Cie.', 'Versailles', NULL, 'France', 256),
('53', 'Toms Spezialitäten, Ltd', 'Köln', NULL, 'Germany', 259),
('54', 'Royal Canadian Collectables, Ltd.', 'Tsawassen', 'BC', 'Canada', 260),
('55', 'Franken Gifts, Co', 'München', NULL, 'Germany', 273),
('56', 'Anna\'s Decorations, Ltd', 'North Sydney', 'NSW', 'Australia', 276),
('57', 'Rovelli Gifts', 'Bergamo', NULL, 'Italy', 278),
('58', 'Souveniers And Things Co.', 'Chatswood', 'NSW', 'Australia', 282),
('59', 'Marta\'s Replicas Co.', 'Cambridge', 'MA', 'USA', 286),
('60', 'BG&E Collectables', 'Fribourg', NULL, 'Switzerland', 293),
('61', 'Vida Sport, Ltd', 'Genève', NULL, 'Switzerland', 298),
('62', 'Norway Gifts By Mail, Co.', 'Oslo', NULL, 'Norway  ', 299),
('63', 'Schuyler Imports', 'Amsterdam', NULL, 'Netherlands', 303),
('64', 'Der Hund Imports', 'Berlin', NULL, 'Germany', 307),
('65', 'Oulu Toy Supplies, Inc.', 'Oulu', NULL, 'Finland', 311),
('66', 'Petit Auto', 'Bruxelles', NULL, 'Belgium', 314),
('67', 'Mini Classics', 'White Plains', 'NY', 'USA', 319),
('68', 'Mini Creations Ltd.', 'New Bedford', 'MA', 'USA', 320),
('69', 'Corporate Gift Ideas Co.', 'San Francisco', 'CA', 'USA', 321),
('70', 'Down Under Souveniers, Inc', 'Auckland  ', NULL, 'New Zealand', 323),
('71', 'Stylish Desk Decors, Co.', 'London', NULL, 'UK', 324),
('72', 'Tekni Collectables Inc.', 'Newark', 'NJ', 'USA', 328),
('73', 'Australian Gift Network, Co', 'South Brisbane', 'Queensland', 'Australia', 333),
('74', 'Suominen Souveniers', 'Espoo', NULL, 'Finland', 334),
('75', 'Cramer Spezialitäten, Ltd', 'Brandenburg', NULL, 'Germany', 335),
('76', 'Classic Gift Ideas, Inc', 'Philadelphia', 'PA', 'USA', 339),
('77', 'CAF Imports', 'Madrid', NULL, 'Spain', 344),
('78', 'Men \'R\' US Retailers, Ltd.', 'Los Angeles', 'CA', 'USA', 347),
('79', 'Asian Treasures, Inc.', 'Cork', 'Co. Cork', 'Ireland', 348),
('80', 'Marseille Mini Autos', 'Marseille', NULL, 'France', 350),
('81', 'Reims Collectables', 'Reims', NULL, 'France', 353),
('82', 'SAR Distributors, Co', 'Hatfield', 'Pretoria', 'South Africa', 356),
('83', 'GiftsForHim.com', 'Auckland', NULL, 'New Zealand', 357),
('84', 'Kommission Auto', 'Münster', NULL, 'Germany', 361),
('85', 'Gifts4AllAges.com', 'Boston', 'MA', 'USA', 362),
('86', 'Online Diecast Creations Co.', 'Nashua', 'NH', 'USA', 363),
('87', 'Lisboa Souveniers, Inc', 'Lisboa', NULL, 'Portugal', 369),
('88', 'Precious Collectables', 'Bern', NULL, 'Switzerland', 376),
('89', 'Collectables For Less Inc.', 'Brickhaven', 'MA', 'USA', 379),
('90', 'Royale Belge', 'Charleroi', NULL, 'Belgium', 381),
('91', 'Salzburg Collectables', 'Salzburg', NULL, 'Austria', 382),
('92', 'Cruz & Sons Co.', 'Makati City', NULL, 'Philippines', 385),
('93', 'L\'ordine Souveniers', 'Reggio Emilia', NULL, 'Italy', 386),
('94', 'Tokyo Collectables, Ltd', 'Minato-ku', 'Tokyo', 'Japan', 398),
('95', 'Auto Canal+ Petit', 'Paris', NULL, 'France', 406),
('96', 'Stuttgart Collectable Exchange', 'Stuttgart', NULL, 'Germany', 409),
('97', 'Extreme Desk Decorations, Ltd', 'Wellington', NULL, 'New Zealand', 412),
('98', 'Bavarian Collectables Imports, Co.', 'Munich', NULL, 'Germany', 415),
('99', 'Classic Legends Inc.', 'NYC', 'NY', 'USA', 424),
('100', 'Feuer Online Stores, Inc', 'Leipzig', NULL, 'Germany', 443),
('101', 'Gift Ideas Corp.', 'Glendale', 'CT', 'USA', 447),
('102', 'Scandinavian Gift Ideas', 'Bräcke', NULL, 'Sweden', 448),
('103', 'The Sharp Gifts Warehouse', 'San Jose', 'CA', 'USA', 450),
('104', 'Mini Auto Werke', 'Graz', NULL, 'Austria', 452),
('105', 'Super Scale Inc.', 'New Haven', 'CT', 'USA', 455),
('106', 'Microscale Inc.', 'NYC', 'NY', 'USA', 456),
('107', 'Corrida Auto Replicas, Ltd', 'Madrid', NULL, 'Spain', 458),
('108', 'Warburg Exchange', 'Aachen', NULL, 'Germany', 459),
('109', 'FunGiftIdeas.com', 'New Bedford', 'MA', 'USA', 462),
('110', 'Anton Designs, Ltd.', 'Madrid', NULL, 'Spain', 465),
('111', 'Australian Collectables, Ltd', 'Glen Waverly', 'Victoria', 'Australia', 471),
('112', 'Frau da Collezione', 'Milan', NULL, 'Italy', 473),
('113', 'West Coast Collectables Co.', 'Burbank', 'CA', 'USA', 475),
('114', 'Mit Vergnügen & Co.', 'Mannheim', NULL, 'Germany', 477),
('115', 'Kremlin Collectables, Co.', 'Saint Petersburg', NULL, 'Russia', 480),
('116', 'Raanan Stores, Inc', 'Herzlia', NULL, 'Israel', 481),
('117', 'Iberia Gift Imports, Corp.', 'Sevilla', NULL, 'Spain', 484),
('118', 'Motor Mint Distributors Inc.', 'Philadelphia', 'PA', 'USA', 486),
('119', 'Signal Collectibles Ltd.', 'Brisbane', 'CA', 'USA', 487),
('120', 'Double Decker Gift Stores, Ltd', 'London', NULL, 'UK', 489),
('121', 'Diecast Collectables', 'Boston', 'MA', 'USA', 495),
('122', 'Kelly\'s Gift Shop', 'Auckland  ', NULL, 'New Zealand', 496);

-- --------------------------------------------------------

--
-- Struktur dari tabel `dim_employees`
--

CREATE TABLE `dim_employees` (
  `id` int(11) NOT NULL,
  `name` varchar(100) NOT NULL,
  `officeCode` varchar(100) NOT NULL,
  `jobTitle` varchar(100) NOT NULL,
  `city` varchar(100) NOT NULL,
  `state` varchar(100) DEFAULT NULL,
  `country` varchar(100) NOT NULL,
  `employeeNumber` int(11) NOT NULL
) ENGINE=InnoDB DEFAULT CHARSET=utf8mb4;

--
-- Dumping data untuk tabel `dim_employees`
--

INSERT INTO `dim_employees` (`id`, `name`, `officeCode`, `jobTitle`, `city`, `state`, `country`, `employeeNumber`) VALUES
(1, 'Diane Murphy', '1', 'President', 'San Francisco', 'CA', 'USA', 1002),
(2, 'Mary Patterson', '1', 'VP Sales', 'San Francisco', 'CA', 'USA', 1056),
(3, 'Jeff Firrelli', '1', 'VP Marketing', 'San Francisco', 'CA', 'USA', 1076),
(4, 'Anthony Bow', '1', 'Sales Manager (NA)', 'San Francisco', 'CA', 'USA', 1143),
(5, 'Leslie Jennings', '1', 'Sales Rep', 'San Francisco', 'CA', 'USA', 1165),
(6, 'Leslie Thompson', '1', 'Sales Rep', 'San Francisco', 'CA', 'USA', 1166),
(7, 'Julie Firrelli', '2', 'Sales Rep', 'Boston', 'MA', 'USA', 1188),
(8, 'Steve Patterson', '2', 'Sales Rep', 'Boston', 'MA', 'USA', 1216),
(9, 'Foon Yue Tseng', '3', 'Sales Rep', 'NYC', 'NY', 'USA', 1286),
(10, 'George Vanauf', '3', 'Sales Rep', 'NYC', 'NY', 'USA', 1323),
(11, 'Gerard Bondur', '4', 'Sale Manager (EMEA)', 'Paris', NULL, 'France', 1102),
(12, 'Loui Bondur', '4', 'Sales Rep', 'Paris', NULL, 'France', 1337),
(13, 'Gerard Hernandez', '4', 'Sales Rep', 'Paris', NULL, 'France', 1370),
(14, 'Pamela Castillo', '4', 'Sales Rep', 'Paris', NULL, 'France', 1401),
(15, 'Martin Gerard', '4', 'Sales Rep', 'Paris', NULL, 'France', 1702),
(16, 'Mami Nishi', '5', 'Sales Rep', 'Tokyo', 'Chiyoda-Ku', 'Japan', 1621),
(17, 'Yoshimi Kato', '5', 'Sales Rep', 'Tokyo', 'Chiyoda-Ku', 'Japan', 1625),
(18, 'William Patterson', '6', 'Sales Manager (APAC)', 'Sydney', NULL, 'Australia', 1088),
(19, 'Andy Fixter', '6', 'Sales Rep', 'Sydney', NULL, 'Australia', 1611),
(20, 'Peter Marsh', '6', 'Sales Rep', 'Sydney', NULL, 'Australia', 1612),
(21, 'Tom King', '6', 'Sales Rep', 'Sydney', NULL, 'Australia', 1619),
(22, 'Larry Bott', '7', 'Sales Rep', 'London', NULL, 'UK', 1501),
(23, 'Barry Jones', '7', 'Sales Rep', 'London', NULL, 'UK', 1504);

-- --------------------------------------------------------

--
-- Struktur dari tabel `dim_fakta`
--

CREATE TABLE `dim_fakta` (
  `id` int(11) NOT NULL,
  `amount` bigint(20) NOT NULL,
  `sk_customer` int(11) NOT NULL,
  `sk_pegawai` int(11) NOT NULL,
  `tgl_bayar` int(11) NOT NULL
) ENGINE=InnoDB DEFAULT CHARSET=utf8mb4;

--
-- Dumping data untuk tabel `dim_fakta`
--

INSERT INTO `dim_fakta` (`id`, `amount`, `sk_customer`, `sk_pegawai`, `tgl_bayar`) VALUES
(1, 101245, 6, 5, 20050305),
(2, 85411, 6, 5, 20040828),
(3, 11044, 6, 5, 20030411),
(4, 83598, 6, 5, 20050416),
(5, 47143, 6, 5, 20041227),
(6, 55640, 6, 5, 20041102),
(7, 111654, 6, 5, 20030815),
(8, 43369, 6, 5, 20040326),
(9, 45084, 6, 5, 20031125),
(10, 26249, 9, 5, 20041208),
(11, 23924, 9, 5, 20031211),
(12, 16538, 9, 5, 20030409),
(13, 2434, 18, 5, 20041114),
(14, 50744, 18, 5, 20031118),
(15, 12692, 18, 5, 20050202),
(16, 38675, 18, 5, 20030805),
(17, 85559, 69, 5, 20031103),
(18, 46782, 69, 5, 20050315),
(19, 59551, 103, 5, 20040621),
(20, 29997, 119, 5, 20030928),
(21, 12573, 119, 5, 20040229),
(22, 14191, 2, 6, 20041217),
(23, 32642, 2, 6, 20030606),
(24, 33348, 2, 6, 20040820),
(25, 3880, 36, 6, 20031204),
(26, 50343, 36, 6, 20030905),
(27, 39581, 36, 6, 20050206),
(28, 3453, 41, 6, 20050302),
(29, 4466, 41, 6, 20031018),
(30, 80375, 46, 6, 20040315),
(31, 21054, 78, 6, 20040118),
(32, 20453, 78, 6, 20031024),
(33, 7678, 113, 6, 20031209),
(34, 36070, 113, 6, 20040213),
(35, 11843, 25, 7, 20040513),
(36, 20355, 25, 7, 20040329),
(37, 51153, 35, 7, 20040813),
(38, 4424, 35, 7, 20040924),
(39, 8307, 68, 7, 20050118),
(40, 41017, 68, 7, 20030820),
(41, 52548, 68, 7, 20031124),
(42, 23333, 76, 7, 20041024),
(43, 34606, 76, 7, 20031128),
(44, 28323, 89, 7, 20050212),
(45, 32680, 89, 7, 20030916),
(46, 12531, 89, 7, 20040802),
(47, 59265, 121, 7, 20031226),
(48, 6277, 121, 7, 20040514),
(49, 35152, 17, 8, 20041119),
(50, 63357, 17, 8, 20040907),
(51, 9659, 32, 8, 20041206),
(52, 6037, 32, 8, 20030706),
(53, 5859, 32, 8, 20040921),
(54, 47411, 59, 8, 20041028),
(55, 43134, 59, 8, 20040905),
(56, 18474, 85, 8, 20040711),
(57, 15060, 85, 8, 20040921),
(58, 50800, 86, 8, 20041117),
(59, 10224, 86, 8, 20030116),
(60, 55426, 86, 8, 20031205),
(61, 30294, 109, 8, 20050415),
(62, 9978, 109, 8, 20031108),
(63, 48356, 109, 8, 20041127),
(64, 58794, 16, 9, 20031222),
(65, 20314, 16, 9, 20040726),
(66, 58841, 16, 9, 20030618),
(67, 39965, 16, 9, 20041214),
(68, 22602, 28, 9, 20040425),
(69, 5495, 28, 9, 20030130),
(70, 44401, 28, 9, 20041116),
(71, 29070, 44, 9, 20050520),
(72, 22997, 44, 9, 20040701),
(73, 16910, 44, 9, 20031118),
(74, 25506, 99, 9, 20041207),
(75, 21666, 99, 9, 20030416),
(76, 22042, 99, 9, 20031031),
(77, 38139, 105, 9, 20031205),
(78, 32239, 105, 9, 20040512),
(79, 27551, 106, 9, 20041113),
(80, 1680, 106, 9, 20040430),
(81, 22293, 10, 10, 20030312),
(82, 50025, 10, 10, 20041202),
(83, 35322, 10, 10, 20040911),
(84, 28501, 26, 10, 20050519),
(85, 24879, 26, 10, 20031119),
(86, 42045, 26, 10, 20040710),
(87, 36528, 34, 10, 20031218),
(88, 33595, 34, 10, 20041108),
(89, 37528, 54, 10, 20040830),
(90, 29284, 54, 10, 20040424),
(91, 42340, 67, 10, 20041106),
(92, 36092, 67, 10, 20031207),
(93, 7179, 72, 10, 20040416),
(94, 31103, 72, 10, 20040530),
(95, 6631, 101, 10, 20030915),
(96, 17032, 101, 10, 20030625),
(97, 26304, 101, 10, 20041217),
(98, 5899, 118, 10, 20040414),
(99, 45994, 118, 10, 20041123),
(100, 25833, 118, 10, 20030320),
(101, 40979, 14, 12, 20040318),
(102, 49615, 14, 12, 20040116),
(103, 39712, 14, 12, 20031210),
(104, 1961, 24, 12, 20040909),
(105, 51210, 24, 12, 20041204),
(106, 33383, 24, 12, 20030420),
(107, 17928, 51, 12, 20050517),
(108, 26312, 51, 12, 20041230),
(109, 23419, 51, 12, 20030718),
(110, 18888, 80, 12, 20041211),
(111, 50825, 80, 12, 20030525),
(112, 1835, 80, 12, 20050129),
(113, 49706, 81, 12, 20050110),
(114, 13920, 81, 12, 20030721),
(115, 16700, 81, 12, 20030521),
(116, 46657, 81, 12, 20050609),
(117, 12191, 95, 12, 20050423),
(118, 49165, 95, 12, 20040128),
(119, 25081, 95, 12, 20040617),
(120, 6067, 1, 13, 20041019),
(121, 14571, 1, 13, 20030605),
(122, 1676, 1, 13, 20041218),
(123, 19502, 4, 13, 20041114),
(124, 47924, 4, 13, 20040808),
(125, 49524, 4, 13, 20050222),
(126, 36251, 11, 13, 20030719),
(127, 36140, 11, 13, 20041101),
(128, 46895, 11, 13, 20050519),
(129, 59831, 11, 13, 20040130),
(130, 116208, 11, 13, 20041231),
(131, 65071, 11, 13, 20050325),
(132, 120167, 11, 13, 20050318),
(133, 49539, 11, 13, 20031026),
(134, 40206, 11, 13, 20030225),
(135, 63844, 11, 13, 20031209),
(136, 35421, 11, 13, 20040709),
(137, 20010, 11, 13, 20040816),
(138, 26156, 11, 13, 20040517),
(139, 18998, 23, 13, 20040315),
(140, 42784, 23, 13, 20031122),
(141, 35158, 38, 13, 20050503),
(142, 4632, 38, 13, 20040621),
(143, 36069, 38, 13, 20040504),
(144, 33818, 48, 13, 20031122),
(145, 12432, 48, 13, 20050603),
(146, 14233, 48, 13, 20030721),
(147, 5759, 52, 13, 20040210),
(148, 53117, 52, 13, 20041022),
(149, 4711, 13, 14, 20040703),
(150, 28212, 13, 14, 20040426),
(151, 20565, 13, 14, 20041201),
(152, 53959, 13, 14, 20030220),
(153, 36164, 43, 14, 20031031),
(154, 53745, 43, 14, 20041102),
(155, 33924, 50, 14, 20040919),
(156, 48299, 50, 14, 20040904),
(157, 37654, 57, 14, 20041205),
(158, 52152, 57, 14, 20030302),
(159, 37724, 57, 14, 20031124),
(160, 45352, 66, 14, 20040809),
(161, 16901, 66, 14, 20040303),
(162, 12082, 90, 14, 20041203),
(163, 1628, 90, 14, 20030419),
(164, 14380, 90, 14, 20050203),
(165, 1128, 90, 14, 20030822),
(166, 35826, 91, 14, 20030512),
(167, 6420, 91, 14, 20040801),
(168, 42814, 91, 14, 20041127),
(169, 38524, 93, 14, 20031118),
(170, 51619, 93, 14, 20040718),
(171, 27122, 104, 14, 20031115),
(172, 15131, 104, 14, 20031120),
(173, 8807, 104, 14, 20050503),
(174, 7612, 112, 14, 20040217),
(175, 17746, 112, 14, 20031027),
(176, 23603, 29, 22, 20050310),
(177, 37602, 29, 22, 20031027),
(178, 34341, 29, 22, 20041021),
(179, 52825, 30, 22, 20041103),
(180, 47159, 30, 22, 20041208),
(181, 48426, 30, 22, 20030327),
(182, 23908, 33, 22, 20031020),
(183, 37259, 33, 22, 20040615),
(184, 46788, 47, 22, 20041116),
(185, 24996, 47, 22, 20040328),
(186, 46771, 65, 22, 20050215),
(187, 32723, 65, 22, 20031006),
(188, 16213, 65, 22, 20040425),
(189, 13672, 71, 22, 20041213),
(190, 29429, 71, 22, 20030707),
(191, 37456, 71, 22, 20031123),
(192, 45785, 74, 22, 20050127),
(193, 29717, 74, 22, 20030816),
(194, 28395, 74, 22, 20040522),
(195, 22276, 120, 22, 20031204),
(196, 7310, 120, 22, 20040131),
(197, 50219, 5, 23, 20030216),
(198, 1491, 5, 23, 20031028),
(199, 17876, 5, 23, 20041104),
(200, 34638, 5, 23, 20041128),
(201, 10549, 8, 23, 20030128),
(202, 24102, 8, 23, 20031018),
(203, 33821, 8, 23, 20040324),
(204, 7466, 8, 23, 20041118),
(205, 36006, 12, 23, 20041212),
(206, 7675, 12, 23, 20030409),
(207, 12538, 20, 23, 20040919),
(208, 85024, 20, 23, 20031203),
(209, 17360, 31, 23, 20041003),
(210, 32539, 31, 23, 20040301),
(211, 61235, 53, 23, 20041106),
(212, 27988, 53, 23, 20031207),
(213, 36799, 62, 23, 20031024),
(214, 32260, 62, 23, 20040905),
(215, 31310, 98, 23, 20040928),
(216, 27967, 102, 23, 20050418),
(217, 48810, 102, 23, 20040930),
(218, 45864, 3, 19, 20030520),
(219, 82261, 3, 19, 20041215),
(220, 7565, 3, 19, 20030531),
(221, 44895, 3, 19, 20040310),
(222, 27084, 56, 19, 20050209),
(223, 38547, 56, 19, 20031113),
(224, 41555, 56, 19, 20030928),
(225, 29849, 56, 19, 20050430),
(226, 24014, 58, 19, 20030803),
(227, 35807, 58, 19, 20040802),
(228, 31835, 58, 19, 20050103),
(229, 23937, 73, 19, 20031115),
(230, 9821, 73, 19, 20031017),
(231, 21432, 73, 19, 20050301),
(232, 9415, 111, 19, 20040728),
(233, 35506, 111, 19, 20031210),
(234, 38785, 19, 20, 20040916),
(235, 44161, 19, 20, 20040707),
(236, 22474, 19, 20, 20040228),
(237, 75020, 70, 20, 20050523),
(238, 37281, 70, 20, 20040624),
(239, 2880, 70, 20, 20030705),
(240, 39441, 70, 20, 20041224),
(241, 20220, 83, 20, 20031216),
(242, 36442, 83, 20, 20040515),
(243, 35035, 97, 20, 20040725),
(244, 31670, 97, 20, 20040414),
(245, 30254, 122, 20, 20050525),
(246, 32077, 122, 20, 20030716),
(247, 52166, 122, 20, 20041231),
(248, 44380, 15, 16, 20030422),
(249, 2612, 15, 16, 20040811),
(250, 105743, 15, 16, 20031226),
(251, 3516, 15, 16, 20050327),
(252, 15184, 27, 16, 20040417),
(253, 47178, 27, 16, 20040119),
(254, 45481, 39, 16, 20031209),
(255, 20644, 92, 16, 20031202),
(256, 15823, 92, 16, 20041119),
(257, 51001, 92, 16, 20030309),
(258, 33968, 94, 16, 20050214),
(259, 22038, 94, 16, 20040621),
(260, 615, 94, 16, 20050518),
(261, 48928, 94, 16, 20041129),
(262, 3101, 40, 15, 20030509),
(263, 24945, 40, 15, 20041206),
(264, 40474, 40, 15, 20031214),
(265, 47376, 61, 15, 20040313),
(266, 61402, 61, 15, 20040918),
(267, 31428, 77, 15, 20031124),
(268, 15323, 77, 15, 20040402),
(269, 33146, 107, 15, 20041115),
(270, 22163, 107, 15, 20040206),
(271, 57132, 107, 15, 20030613),
(272, 3475, 117, 15, 20041026),
(273, 47513, 117, 15, 20031129);

-- --------------------------------------------------------

--
-- Struktur dari tabel `dim_waktu`
--

CREATE TABLE `dim_waktu` (
  `id` int(11) NOT NULL,
  `tgl` int(11) NOT NULL,
  `bln` int(11) NOT NULL,
  `thn` int(11) NOT NULL,
  `bulan` varchar(20) NOT NULL,
  `triwulan` varchar(100) NOT NULL
) ENGINE=InnoDB DEFAULT CHARSET=utf8mb4;

--
-- Dumping data untuk tabel `dim_waktu`
--

INSERT INTO `dim_waktu` (`id`, `tgl`, `bln`, `thn`, `bulan`, `triwulan`) VALUES
(20030101, 1, 1, 2003, 'JANUARI', 'TW1'),
(20030102, 2, 1, 2003, 'JANUARI', 'TW1'),
(20030103, 3, 1, 2003, 'JANUARI', 'TW1'),
(20030104, 4, 1, 2003, 'JANUARI', 'TW1'),
(20030105, 5, 1, 2003, 'JANUARI', 'TW1'),
(20030106, 6, 1, 2003, 'JANUARI', 'TW1'),
(20030107, 7, 1, 2003, 'JANUARI', 'TW1'),
(20030108, 8, 1, 2003, 'JANUARI', 'TW1'),
(20030109, 9, 1, 2003, 'JANUARI', 'TW1'),
(20030110, 10, 1, 2003, 'JANUARI', 'TW1'),
(20030111, 11, 1, 2003, 'JANUARI', 'TW1'),
(20030112, 12, 1, 2003, 'JANUARI', 'TW1'),
(20030113, 13, 1, 2003, 'JANUARI', 'TW1'),
(20030114, 14, 1, 2003, 'JANUARI', 'TW1'),
(20030115, 15, 1, 2003, 'JANUARI', 'TW1'),
(20030116, 16, 1, 2003, 'JANUARI', 'TW1'),
(20030117, 17, 1, 2003, 'JANUARI', 'TW1'),
(20030118, 18, 1, 2003, 'JANUARI', 'TW1'),
(20030119, 19, 1, 2003, 'JANUARI', 'TW1'),
(20030120, 20, 1, 2003, 'JANUARI', 'TW1'),
(20030121, 21, 1, 2003, 'JANUARI', 'TW1'),
(20030122, 22, 1, 2003, 'JANUARI', 'TW1'),
(20030123, 23, 1, 2003, 'JANUARI', 'TW1'),
(20030124, 24, 1, 2003, 'JANUARI', 'TW1'),
(20030125, 25, 1, 2003, 'JANUARI', 'TW1'),
(20030126, 26, 1, 2003, 'JANUARI', 'TW1'),
(20030127, 27, 1, 2003, 'JANUARI', 'TW1'),
(20030128, 28, 1, 2003, 'JANUARI', 'TW1'),
(20030129, 29, 1, 2003, 'JANUARI', 'TW1'),
(20030130, 30, 1, 2003, 'JANUARI', 'TW1'),
(20030131, 31, 1, 2003, 'JANUARI', 'TW1'),
(20030201, 1, 2, 2003, 'FEBRUARI', 'TW1'),
(20030202, 2, 2, 2003, 'FEBRUARI', 'TW1'),
(20030203, 3, 2, 2003, 'FEBRUARI', 'TW1'),
(20030204, 4, 2, 2003, 'FEBRUARI', 'TW1'),
(20030205, 5, 2, 2003, 'FEBRUARI', 'TW1'),
(20030206, 6, 2, 2003, 'FEBRUARI', 'TW1'),
(20030207, 7, 2, 2003, 'FEBRUARI', 'TW1'),
(20030208, 8, 2, 2003, 'FEBRUARI', 'TW1'),
(20030209, 9, 2, 2003, 'FEBRUARI', 'TW1'),
(20030210, 10, 2, 2003, 'FEBRUARI', 'TW1'),
(20030211, 11, 2, 2003, 'FEBRUARI', 'TW1'),
(20030212, 12, 2, 2003, 'FEBRUARI', 'TW1'),
(20030213, 13, 2, 2003, 'FEBRUARI', 'TW1'),
(20030214, 14, 2, 2003, 'FEBRUARI', 'TW1'),
(20030215, 15, 2, 2003, 'FEBRUARI', 'TW1'),
(20030216, 16, 2, 2003, 'FEBRUARI', 'TW1'),
(20030217, 17, 2, 2003, 'FEBRUARI', 'TW1'),
(20030218, 18, 2, 2003, 'FEBRUARI', 'TW1'),
(20030219, 19, 2, 2003, 'FEBRUARI', 'TW1'),
(20030220, 20, 2, 2003, 'FEBRUARI', 'TW1'),
(20030221, 21, 2, 2003, 'FEBRUARI', 'TW1'),
(20030222, 22, 2, 2003, 'FEBRUARI', 'TW1'),
(20030223, 23, 2, 2003, 'FEBRUARI', 'TW1'),
(20030224, 24, 2, 2003, 'FEBRUARI', 'TW1'),
(20030225, 25, 2, 2003, 'FEBRUARI', 'TW1'),
(20030226, 26, 2, 2003, 'FEBRUARI', 'TW1'),
(20030227, 27, 2, 2003, 'FEBRUARI', 'TW1'),
(20030228, 28, 2, 2003, 'FEBRUARI', 'TW1'),
(20030301, 1, 3, 2003, 'MARET', 'TW1'),
(20030302, 2, 3, 2003, 'MARET', 'TW1'),
(20030303, 3, 3, 2003, 'MARET', 'TW1'),
(20030304, 4, 3, 2003, 'MARET', 'TW1'),
(20030305, 5, 3, 2003, 'MARET', 'TW1'),
(20030306, 6, 3, 2003, 'MARET', 'TW1'),
(20030307, 7, 3, 2003, 'MARET', 'TW1'),
(20030308, 8, 3, 2003, 'MARET', 'TW1'),
(20030309, 9, 3, 2003, 'MARET', 'TW1'),
(20030310, 10, 3, 2003, 'MARET', 'TW1'),
(20030311, 11, 3, 2003, 'MARET', 'TW1'),
(20030312, 12, 3, 2003, 'MARET', 'TW1'),
(20030313, 13, 3, 2003, 'MARET', 'TW1'),
(20030314, 14, 3, 2003, 'MARET', 'TW1'),
(20030315, 15, 3, 2003, 'MARET', 'TW1'),
(20030316, 16, 3, 2003, 'MARET', 'TW1'),
(20030317, 17, 3, 2003, 'MARET', 'TW1'),
(20030318, 18, 3, 2003, 'MARET', 'TW1'),
(20030319, 19, 3, 2003, 'MARET', 'TW1'),
(20030320, 20, 3, 2003, 'MARET', 'TW1'),
(20030321, 21, 3, 2003, 'MARET', 'TW1'),
(20030322, 22, 3, 2003, 'MARET', 'TW1'),
(20030323, 23, 3, 2003, 'MARET', 'TW1'),
(20030324, 24, 3, 2003, 'MARET', 'TW1'),
(20030325, 25, 3, 2003, 'MARET', 'TW1'),
(20030326, 26, 3, 2003, 'MARET', 'TW1'),
(20030327, 27, 3, 2003, 'MARET', 'TW1'),
(20030328, 28, 3, 2003, 'MARET', 'TW1'),
(20030329, 29, 3, 2003, 'MARET', 'TW1'),
(20030330, 30, 3, 2003, 'MARET', 'TW1'),
(20030331, 31, 3, 2003, 'MARET', 'TW1'),
(20030401, 1, 4, 2003, 'APRIL', 'TW2'),
(20030402, 2, 4, 2003, 'APRIL', 'TW2'),
(20030403, 3, 4, 2003, 'APRIL', 'TW2'),
(20030404, 4, 4, 2003, 'APRIL', 'TW2'),
(20030405, 5, 4, 2003, 'APRIL', 'TW2'),
(20030406, 6, 4, 2003, 'APRIL', 'TW2'),
(20030407, 7, 4, 2003, 'APRIL', 'TW2'),
(20030408, 8, 4, 2003, 'APRIL', 'TW2'),
(20030409, 9, 4, 2003, 'APRIL', 'TW2'),
(20030410, 10, 4, 2003, 'APRIL', 'TW2'),
(20030411, 11, 4, 2003, 'APRIL', 'TW2'),
(20030412, 12, 4, 2003, 'APRIL', 'TW2'),
(20030413, 13, 4, 2003, 'APRIL', 'TW2'),
(20030414, 14, 4, 2003, 'APRIL', 'TW2'),
(20030415, 15, 4, 2003, 'APRIL', 'TW2'),
(20030416, 16, 4, 2003, 'APRIL', 'TW2'),
(20030417, 17, 4, 2003, 'APRIL', 'TW2'),
(20030418, 18, 4, 2003, 'APRIL', 'TW2'),
(20030419, 19, 4, 2003, 'APRIL', 'TW2'),
(20030420, 20, 4, 2003, 'APRIL', 'TW2'),
(20030421, 21, 4, 2003, 'APRIL', 'TW2'),
(20030422, 22, 4, 2003, 'APRIL', 'TW2'),
(20030423, 23, 4, 2003, 'APRIL', 'TW2'),
(20030424, 24, 4, 2003, 'APRIL', 'TW2'),
(20030425, 25, 4, 2003, 'APRIL', 'TW2'),
(20030426, 26, 4, 2003, 'APRIL', 'TW2'),
(20030427, 27, 4, 2003, 'APRIL', 'TW2'),
(20030428, 28, 4, 2003, 'APRIL', 'TW2'),
(20030429, 29, 4, 2003, 'APRIL', 'TW2'),
(20030430, 30, 4, 2003, 'APRIL', 'TW2'),
(20030501, 1, 5, 2003, 'MEI', 'TW2'),
(20030502, 2, 5, 2003, 'MEI', 'TW2'),
(20030503, 3, 5, 2003, 'MEI', 'TW2'),
(20030504, 4, 5, 2003, 'MEI', 'TW2'),
(20030505, 5, 5, 2003, 'MEI', 'TW2'),
(20030506, 6, 5, 2003, 'MEI', 'TW2'),
(20030507, 7, 5, 2003, 'MEI', 'TW2'),
(20030508, 8, 5, 2003, 'MEI', 'TW2'),
(20030509, 9, 5, 2003, 'MEI', 'TW2'),
(20030510, 10, 5, 2003, 'MEI', 'TW2'),
(20030511, 11, 5, 2003, 'MEI', 'TW2'),
(20030512, 12, 5, 2003, 'MEI', 'TW2'),
(20030513, 13, 5, 2003, 'MEI', 'TW2'),
(20030514, 14, 5, 2003, 'MEI', 'TW2'),
(20030515, 15, 5, 2003, 'MEI', 'TW2'),
(20030516, 16, 5, 2003, 'MEI', 'TW2'),
(20030517, 17, 5, 2003, 'MEI', 'TW2'),
(20030518, 18, 5, 2003, 'MEI', 'TW2'),
(20030519, 19, 5, 2003, 'MEI', 'TW2'),
(20030520, 20, 5, 2003, 'MEI', 'TW2'),
(20030521, 21, 5, 2003, 'MEI', 'TW2'),
(20030522, 22, 5, 2003, 'MEI', 'TW2'),
(20030523, 23, 5, 2003, 'MEI', 'TW2'),
(20030524, 24, 5, 2003, 'MEI', 'TW2'),
(20030525, 25, 5, 2003, 'MEI', 'TW2'),
(20030526, 26, 5, 2003, 'MEI', 'TW2'),
(20030527, 27, 5, 2003, 'MEI', 'TW2'),
(20030528, 28, 5, 2003, 'MEI', 'TW2'),
(20030529, 29, 5, 2003, 'MEI', 'TW2'),
(20030530, 30, 5, 2003, 'MEI', 'TW2'),
(20030531, 31, 5, 2003, 'MEI', 'TW2'),
(20030601, 1, 6, 2003, 'JUNI', 'TW2'),
(20030602, 2, 6, 2003, 'JUNI', 'TW2'),
(20030603, 3, 6, 2003, 'JUNI', 'TW2'),
(20030604, 4, 6, 2003, 'JUNI', 'TW2'),
(20030605, 5, 6, 2003, 'JUNI', 'TW2'),
(20030606, 6, 6, 2003, 'JUNI', 'TW2'),
(20030607, 7, 6, 2003, 'JUNI', 'TW2'),
(20030608, 8, 6, 2003, 'JUNI', 'TW2'),
(20030609, 9, 6, 2003, 'JUNI', 'TW2'),
(20030610, 10, 6, 2003, 'JUNI', 'TW2'),
(20030611, 11, 6, 2003, 'JUNI', 'TW2'),
(20030612, 12, 6, 2003, 'JUNI', 'TW2'),
(20030613, 13, 6, 2003, 'JUNI', 'TW2'),
(20030614, 14, 6, 2003, 'JUNI', 'TW2'),
(20030615, 15, 6, 2003, 'JUNI', 'TW2'),
(20030616, 16, 6, 2003, 'JUNI', 'TW2'),
(20030617, 17, 6, 2003, 'JUNI', 'TW2'),
(20030618, 18, 6, 2003, 'JUNI', 'TW2'),
(20030619, 19, 6, 2003, 'JUNI', 'TW2'),
(20030620, 20, 6, 2003, 'JUNI', 'TW2'),
(20030621, 21, 6, 2003, 'JUNI', 'TW2'),
(20030622, 22, 6, 2003, 'JUNI', 'TW2'),
(20030623, 23, 6, 2003, 'JUNI', 'TW2'),
(20030624, 24, 6, 2003, 'JUNI', 'TW2'),
(20030625, 25, 6, 2003, 'JUNI', 'TW2'),
(20030626, 26, 6, 2003, 'JUNI', 'TW2'),
(20030627, 27, 6, 2003, 'JUNI', 'TW2'),
(20030628, 28, 6, 2003, 'JUNI', 'TW2'),
(20030629, 29, 6, 2003, 'JUNI', 'TW2'),
(20030630, 30, 6, 2003, 'JUNI', 'TW2'),
(20030701, 1, 7, 2003, 'JULI', 'TW3'),
(20030702, 2, 7, 2003, 'JULI', 'TW3'),
(20030703, 3, 7, 2003, 'JULI', 'TW3'),
(20030704, 4, 7, 2003, 'JULI', 'TW3'),
(20030705, 5, 7, 2003, 'JULI', 'TW3'),
(20030706, 6, 7, 2003, 'JULI', 'TW3'),
(20030707, 7, 7, 2003, 'JULI', 'TW3'),
(20030708, 8, 7, 2003, 'JULI', 'TW3'),
(20030709, 9, 7, 2003, 'JULI', 'TW3'),
(20030710, 10, 7, 2003, 'JULI', 'TW3'),
(20030711, 11, 7, 2003, 'JULI', 'TW3'),
(20030712, 12, 7, 2003, 'JULI', 'TW3'),
(20030713, 13, 7, 2003, 'JULI', 'TW3'),
(20030714, 14, 7, 2003, 'JULI', 'TW3'),
(20030715, 15, 7, 2003, 'JULI', 'TW3'),
(20030716, 16, 7, 2003, 'JULI', 'TW3'),
(20030717, 17, 7, 2003, 'JULI', 'TW3'),
(20030718, 18, 7, 2003, 'JULI', 'TW3'),
(20030719, 19, 7, 2003, 'JULI', 'TW3'),
(20030720, 20, 7, 2003, 'JULI', 'TW3'),
(20030721, 21, 7, 2003, 'JULI', 'TW3'),
(20030722, 22, 7, 2003, 'JULI', 'TW3'),
(20030723, 23, 7, 2003, 'JULI', 'TW3'),
(20030724, 24, 7, 2003, 'JULI', 'TW3'),
(20030725, 25, 7, 2003, 'JULI', 'TW3'),
(20030726, 26, 7, 2003, 'JULI', 'TW3'),
(20030727, 27, 7, 2003, 'JULI', 'TW3'),
(20030728, 28, 7, 2003, 'JULI', 'TW3'),
(20030729, 29, 7, 2003, 'JULI', 'TW3'),
(20030730, 30, 7, 2003, 'JULI', 'TW3'),
(20030731, 31, 7, 2003, 'JULI', 'TW3'),
(20030801, 1, 8, 2003, 'AGUSTUS', 'TW3'),
(20030802, 2, 8, 2003, 'AGUSTUS', 'TW3'),
(20030803, 3, 8, 2003, 'AGUSTUS', 'TW3'),
(20030804, 4, 8, 2003, 'AGUSTUS', 'TW3'),
(20030805, 5, 8, 2003, 'AGUSTUS', 'TW3'),
(20030806, 6, 8, 2003, 'AGUSTUS', 'TW3'),
(20030807, 7, 8, 2003, 'AGUSTUS', 'TW3'),
(20030808, 8, 8, 2003, 'AGUSTUS', 'TW3'),
(20030809, 9, 8, 2003, 'AGUSTUS', 'TW3'),
(20030810, 10, 8, 2003, 'AGUSTUS', 'TW3'),
(20030811, 11, 8, 2003, 'AGUSTUS', 'TW3'),
(20030812, 12, 8, 2003, 'AGUSTUS', 'TW3'),
(20030813, 13, 8, 2003, 'AGUSTUS', 'TW3'),
(20030814, 14, 8, 2003, 'AGUSTUS', 'TW3'),
(20030815, 15, 8, 2003, 'AGUSTUS', 'TW3'),
(20030816, 16, 8, 2003, 'AGUSTUS', 'TW3'),
(20030817, 17, 8, 2003, 'AGUSTUS', 'TW3'),
(20030818, 18, 8, 2003, 'AGUSTUS', 'TW3'),
(20030819, 19, 8, 2003, 'AGUSTUS', 'TW3'),
(20030820, 20, 8, 2003, 'AGUSTUS', 'TW3'),
(20030821, 21, 8, 2003, 'AGUSTUS', 'TW3'),
(20030822, 22, 8, 2003, 'AGUSTUS', 'TW3'),
(20030823, 23, 8, 2003, 'AGUSTUS', 'TW3'),
(20030824, 24, 8, 2003, 'AGUSTUS', 'TW3'),
(20030825, 25, 8, 2003, 'AGUSTUS', 'TW3'),
(20030826, 26, 8, 2003, 'AGUSTUS', 'TW3'),
(20030827, 27, 8, 2003, 'AGUSTUS', 'TW3'),
(20030828, 28, 8, 2003, 'AGUSTUS', 'TW3'),
(20030829, 29, 8, 2003, 'AGUSTUS', 'TW3'),
(20030830, 30, 8, 2003, 'AGUSTUS', 'TW3'),
(20030831, 31, 8, 2003, 'AGUSTUS', 'TW3'),
(20030901, 1, 9, 2003, 'SEPTEMBER', 'TW3'),
(20030902, 2, 9, 2003, 'SEPTEMBER', 'TW3'),
(20030903, 3, 9, 2003, 'SEPTEMBER', 'TW3'),
(20030904, 4, 9, 2003, 'SEPTEMBER', 'TW3'),
(20030905, 5, 9, 2003, 'SEPTEMBER', 'TW3'),
(20030906, 6, 9, 2003, 'SEPTEMBER', 'TW3'),
(20030907, 7, 9, 2003, 'SEPTEMBER', 'TW3'),
(20030908, 8, 9, 2003, 'SEPTEMBER', 'TW3'),
(20030909, 9, 9, 2003, 'SEPTEMBER', 'TW3'),
(20030910, 10, 9, 2003, 'SEPTEMBER', 'TW3'),
(20030911, 11, 9, 2003, 'SEPTEMBER', 'TW3'),
(20030912, 12, 9, 2003, 'SEPTEMBER', 'TW3'),
(20030913, 13, 9, 2003, 'SEPTEMBER', 'TW3'),
(20030914, 14, 9, 2003, 'SEPTEMBER', 'TW3'),
(20030915, 15, 9, 2003, 'SEPTEMBER', 'TW3'),
(20030916, 16, 9, 2003, 'SEPTEMBER', 'TW3'),
(20030917, 17, 9, 2003, 'SEPTEMBER', 'TW3'),
(20030918, 18, 9, 2003, 'SEPTEMBER', 'TW3'),
(20030919, 19, 9, 2003, 'SEPTEMBER', 'TW3'),
(20030920, 20, 9, 2003, 'SEPTEMBER', 'TW3'),
(20030921, 21, 9, 2003, 'SEPTEMBER', 'TW3'),
(20030922, 22, 9, 2003, 'SEPTEMBER', 'TW3'),
(20030923, 23, 9, 2003, 'SEPTEMBER', 'TW3'),
(20030924, 24, 9, 2003, 'SEPTEMBER', 'TW3'),
(20030925, 25, 9, 2003, 'SEPTEMBER', 'TW3'),
(20030926, 26, 9, 2003, 'SEPTEMBER', 'TW3'),
(20030927, 27, 9, 2003, 'SEPTEMBER', 'TW3'),
(20030928, 28, 9, 2003, 'SEPTEMBER', 'TW3'),
(20030929, 29, 9, 2003, 'SEPTEMBER', 'TW3'),
(20030930, 30, 9, 2003, 'SEPTEMBER', 'TW3'),
(20031001, 1, 10, 2003, 'OKTOBER', 'TW4'),
(20031002, 2, 10, 2003, 'OKTOBER', 'TW4'),
(20031003, 3, 10, 2003, 'OKTOBER', 'TW4'),
(20031004, 4, 10, 2003, 'OKTOBER', 'TW4'),
(20031005, 5, 10, 2003, 'OKTOBER', 'TW4'),
(20031006, 6, 10, 2003, 'OKTOBER', 'TW4'),
(20031007, 7, 10, 2003, 'OKTOBER', 'TW4'),
(20031008, 8, 10, 2003, 'OKTOBER', 'TW4'),
(20031009, 9, 10, 2003, 'OKTOBER', 'TW4'),
(20031010, 10, 10, 2003, 'OKTOBER', 'TW4'),
(20031011, 11, 10, 2003, 'OKTOBER', 'TW4'),
(20031012, 12, 10, 2003, 'OKTOBER', 'TW4'),
(20031013, 13, 10, 2003, 'OKTOBER', 'TW4'),
(20031014, 14, 10, 2003, 'OKTOBER', 'TW4'),
(20031015, 15, 10, 2003, 'OKTOBER', 'TW4'),
(20031016, 16, 10, 2003, 'OKTOBER', 'TW4'),
(20031017, 17, 10, 2003, 'OKTOBER', 'TW4'),
(20031018, 18, 10, 2003, 'OKTOBER', 'TW4'),
(20031019, 19, 10, 2003, 'OKTOBER', 'TW4'),
(20031020, 20, 10, 2003, 'OKTOBER', 'TW4'),
(20031021, 21, 10, 2003, 'OKTOBER', 'TW4'),
(20031022, 22, 10, 2003, 'OKTOBER', 'TW4'),
(20031023, 23, 10, 2003, 'OKTOBER', 'TW4'),
(20031024, 24, 10, 2003, 'OKTOBER', 'TW4'),
(20031025, 25, 10, 2003, 'OKTOBER', 'TW4'),
(20031026, 26, 10, 2003, 'OKTOBER', 'TW4'),
(20031027, 27, 10, 2003, 'OKTOBER', 'TW4'),
(20031028, 28, 10, 2003, 'OKTOBER', 'TW4'),
(20031029, 29, 10, 2003, 'OKTOBER', 'TW4'),
(20031030, 30, 10, 2003, 'OKTOBER', 'TW4'),
(20031031, 31, 10, 2003, 'OKTOBER', 'TW4'),
(20031101, 1, 11, 2003, 'NOVEMBER', 'TW4'),
(20031102, 2, 11, 2003, 'NOVEMBER', 'TW4'),
(20031103, 3, 11, 2003, 'NOVEMBER', 'TW4'),
(20031104, 4, 11, 2003, 'NOVEMBER', 'TW4'),
(20031105, 5, 11, 2003, 'NOVEMBER', 'TW4'),
(20031106, 6, 11, 2003, 'NOVEMBER', 'TW4'),
(20031107, 7, 11, 2003, 'NOVEMBER', 'TW4'),
(20031108, 8, 11, 2003, 'NOVEMBER', 'TW4'),
(20031109, 9, 11, 2003, 'NOVEMBER', 'TW4'),
(20031110, 10, 11, 2003, 'NOVEMBER', 'TW4'),
(20031111, 11, 11, 2003, 'NOVEMBER', 'TW4'),
(20031112, 12, 11, 2003, 'NOVEMBER', 'TW4'),
(20031113, 13, 11, 2003, 'NOVEMBER', 'TW4'),
(20031114, 14, 11, 2003, 'NOVEMBER', 'TW4'),
(20031115, 15, 11, 2003, 'NOVEMBER', 'TW4'),
(20031116, 16, 11, 2003, 'NOVEMBER', 'TW4'),
(20031117, 17, 11, 2003, 'NOVEMBER', 'TW4'),
(20031118, 18, 11, 2003, 'NOVEMBER', 'TW4'),
(20031119, 19, 11, 2003, 'NOVEMBER', 'TW4'),
(20031120, 20, 11, 2003, 'NOVEMBER', 'TW4'),
(20031121, 21, 11, 2003, 'NOVEMBER', 'TW4'),
(20031122, 22, 11, 2003, 'NOVEMBER', 'TW4'),
(20031123, 23, 11, 2003, 'NOVEMBER', 'TW4'),
(20031124, 24, 11, 2003, 'NOVEMBER', 'TW4'),
(20031125, 25, 11, 2003, 'NOVEMBER', 'TW4'),
(20031126, 26, 11, 2003, 'NOVEMBER', 'TW4'),
(20031127, 27, 11, 2003, 'NOVEMBER', 'TW4'),
(20031128, 28, 11, 2003, 'NOVEMBER', 'TW4'),
(20031129, 29, 11, 2003, 'NOVEMBER', 'TW4'),
(20031130, 30, 11, 2003, 'NOVEMBER', 'TW4'),
(20031201, 1, 12, 2003, 'DESEMBER', 'TW4'),
(20031202, 2, 12, 2003, 'DESEMBER', 'TW4'),
(20031203, 3, 12, 2003, 'DESEMBER', 'TW4'),
(20031204, 4, 12, 2003, 'DESEMBER', 'TW4'),
(20031205, 5, 12, 2003, 'DESEMBER', 'TW4'),
(20031206, 6, 12, 2003, 'DESEMBER', 'TW4'),
(20031207, 7, 12, 2003, 'DESEMBER', 'TW4'),
(20031208, 8, 12, 2003, 'DESEMBER', 'TW4'),
(20031209, 9, 12, 2003, 'DESEMBER', 'TW4'),
(20031210, 10, 12, 2003, 'DESEMBER', 'TW4'),
(20031211, 11, 12, 2003, 'DESEMBER', 'TW4'),
(20031212, 12, 12, 2003, 'DESEMBER', 'TW4'),
(20031213, 13, 12, 2003, 'DESEMBER', 'TW4'),
(20031214, 14, 12, 2003, 'DESEMBER', 'TW4'),
(20031215, 15, 12, 2003, 'DESEMBER', 'TW4'),
(20031216, 16, 12, 2003, 'DESEMBER', 'TW4'),
(20031217, 17, 12, 2003, 'DESEMBER', 'TW4'),
(20031218, 18, 12, 2003, 'DESEMBER', 'TW4'),
(20031219, 19, 12, 2003, 'DESEMBER', 'TW4'),
(20031220, 20, 12, 2003, 'DESEMBER', 'TW4'),
(20031221, 21, 12, 2003, 'DESEMBER', 'TW4'),
(20031222, 22, 12, 2003, 'DESEMBER', 'TW4'),
(20031223, 23, 12, 2003, 'DESEMBER', 'TW4'),
(20031224, 24, 12, 2003, 'DESEMBER', 'TW4'),
(20031225, 25, 12, 2003, 'DESEMBER', 'TW4'),
(20031226, 26, 12, 2003, 'DESEMBER', 'TW4'),
(20031227, 27, 12, 2003, 'DESEMBER', 'TW4'),
(20031228, 28, 12, 2003, 'DESEMBER', 'TW4'),
(20031229, 29, 12, 2003, 'DESEMBER', 'TW4'),
(20031230, 30, 12, 2003, 'DESEMBER', 'TW4'),
(20031231, 31, 12, 2003, 'DESEMBER', 'TW4'),
(20040101, 1, 1, 2004, 'JANUARI', 'TW1'),
(20040102, 2, 1, 2004, 'JANUARI', 'TW1'),
(20040103, 3, 1, 2004, 'JANUARI', 'TW1'),
(20040104, 4, 1, 2004, 'JANUARI', 'TW1'),
(20040105, 5, 1, 2004, 'JANUARI', 'TW1'),
(20040106, 6, 1, 2004, 'JANUARI', 'TW1'),
(20040107, 7, 1, 2004, 'JANUARI', 'TW1'),
(20040108, 8, 1, 2004, 'JANUARI', 'TW1'),
(20040109, 9, 1, 2004, 'JANUARI', 'TW1'),
(20040110, 10, 1, 2004, 'JANUARI', 'TW1'),
(20040111, 11, 1, 2004, 'JANUARI', 'TW1'),
(20040112, 12, 1, 2004, 'JANUARI', 'TW1'),
(20040113, 13, 1, 2004, 'JANUARI', 'TW1'),
(20040114, 14, 1, 2004, 'JANUARI', 'TW1'),
(20040115, 15, 1, 2004, 'JANUARI', 'TW1'),
(20040116, 16, 1, 2004, 'JANUARI', 'TW1'),
(20040117, 17, 1, 2004, 'JANUARI', 'TW1'),
(20040118, 18, 1, 2004, 'JANUARI', 'TW1'),
(20040119, 19, 1, 2004, 'JANUARI', 'TW1'),
(20040120, 20, 1, 2004, 'JANUARI', 'TW1'),
(20040121, 21, 1, 2004, 'JANUARI', 'TW1'),
(20040122, 22, 1, 2004, 'JANUARI', 'TW1'),
(20040123, 23, 1, 2004, 'JANUARI', 'TW1'),
(20040124, 24, 1, 2004, 'JANUARI', 'TW1'),
(20040125, 25, 1, 2004, 'JANUARI', 'TW1'),
(20040126, 26, 1, 2004, 'JANUARI', 'TW1'),
(20040127, 27, 1, 2004, 'JANUARI', 'TW1'),
(20040128, 28, 1, 2004, 'JANUARI', 'TW1'),
(20040129, 29, 1, 2004, 'JANUARI', 'TW1'),
(20040130, 30, 1, 2004, 'JANUARI', 'TW1'),
(20040131, 31, 1, 2004, 'JANUARI', 'TW1'),
(20040201, 1, 2, 2004, 'FEBRUARI', 'TW1'),
(20040202, 2, 2, 2004, 'FEBRUARI', 'TW1'),
(20040203, 3, 2, 2004, 'FEBRUARI', 'TW1'),
(20040204, 4, 2, 2004, 'FEBRUARI', 'TW1'),
(20040205, 5, 2, 2004, 'FEBRUARI', 'TW1'),
(20040206, 6, 2, 2004, 'FEBRUARI', 'TW1'),
(20040207, 7, 2, 2004, 'FEBRUARI', 'TW1'),
(20040208, 8, 2, 2004, 'FEBRUARI', 'TW1'),
(20040209, 9, 2, 2004, 'FEBRUARI', 'TW1'),
(20040210, 10, 2, 2004, 'FEBRUARI', 'TW1'),
(20040211, 11, 2, 2004, 'FEBRUARI', 'TW1'),
(20040212, 12, 2, 2004, 'FEBRUARI', 'TW1'),
(20040213, 13, 2, 2004, 'FEBRUARI', 'TW1'),
(20040214, 14, 2, 2004, 'FEBRUARI', 'TW1'),
(20040215, 15, 2, 2004, 'FEBRUARI', 'TW1'),
(20040216, 16, 2, 2004, 'FEBRUARI', 'TW1'),
(20040217, 17, 2, 2004, 'FEBRUARI', 'TW1'),
(20040218, 18, 2, 2004, 'FEBRUARI', 'TW1'),
(20040219, 19, 2, 2004, 'FEBRUARI', 'TW1'),
(20040220, 20, 2, 2004, 'FEBRUARI', 'TW1'),
(20040221, 21, 2, 2004, 'FEBRUARI', 'TW1'),
(20040222, 22, 2, 2004, 'FEBRUARI', 'TW1'),
(20040223, 23, 2, 2004, 'FEBRUARI', 'TW1'),
(20040224, 24, 2, 2004, 'FEBRUARI', 'TW1'),
(20040225, 25, 2, 2004, 'FEBRUARI', 'TW1'),
(20040226, 26, 2, 2004, 'FEBRUARI', 'TW1'),
(20040227, 27, 2, 2004, 'FEBRUARI', 'TW1'),
(20040228, 28, 2, 2004, 'FEBRUARI', 'TW1'),
(20040229, 29, 2, 2004, 'FEBRUARI', 'TW1'),
(20040301, 1, 3, 2004, 'MARET', 'TW1'),
(20040302, 2, 3, 2004, 'MARET', 'TW1'),
(20040303, 3, 3, 2004, 'MARET', 'TW1'),
(20040304, 4, 3, 2004, 'MARET', 'TW1'),
(20040305, 5, 3, 2004, 'MARET', 'TW1'),
(20040306, 6, 3, 2004, 'MARET', 'TW1'),
(20040307, 7, 3, 2004, 'MARET', 'TW1'),
(20040308, 8, 3, 2004, 'MARET', 'TW1'),
(20040309, 9, 3, 2004, 'MARET', 'TW1'),
(20040310, 10, 3, 2004, 'MARET', 'TW1'),
(20040311, 11, 3, 2004, 'MARET', 'TW1'),
(20040312, 12, 3, 2004, 'MARET', 'TW1'),
(20040313, 13, 3, 2004, 'MARET', 'TW1'),
(20040314, 14, 3, 2004, 'MARET', 'TW1'),
(20040315, 15, 3, 2004, 'MARET', 'TW1'),
(20040316, 16, 3, 2004, 'MARET', 'TW1'),
(20040317, 17, 3, 2004, 'MARET', 'TW1'),
(20040318, 18, 3, 2004, 'MARET', 'TW1'),
(20040319, 19, 3, 2004, 'MARET', 'TW1'),
(20040320, 20, 3, 2004, 'MARET', 'TW1'),
(20040321, 21, 3, 2004, 'MARET', 'TW1'),
(20040322, 22, 3, 2004, 'MARET', 'TW1'),
(20040323, 23, 3, 2004, 'MARET', 'TW1'),
(20040324, 24, 3, 2004, 'MARET', 'TW1'),
(20040325, 25, 3, 2004, 'MARET', 'TW1'),
(20040326, 26, 3, 2004, 'MARET', 'TW1'),
(20040327, 27, 3, 2004, 'MARET', 'TW1'),
(20040328, 28, 3, 2004, 'MARET', 'TW1'),
(20040329, 29, 3, 2004, 'MARET', 'TW1'),
(20040330, 30, 3, 2004, 'MARET', 'TW1'),
(20040331, 31, 3, 2004, 'MARET', 'TW1'),
(20040401, 1, 4, 2004, 'APRIL', 'TW2'),
(20040402, 2, 4, 2004, 'APRIL', 'TW2'),
(20040403, 3, 4, 2004, 'APRIL', 'TW2'),
(20040404, 4, 4, 2004, 'APRIL', 'TW2'),
(20040405, 5, 4, 2004, 'APRIL', 'TW2'),
(20040406, 6, 4, 2004, 'APRIL', 'TW2'),
(20040407, 7, 4, 2004, 'APRIL', 'TW2'),
(20040408, 8, 4, 2004, 'APRIL', 'TW2'),
(20040409, 9, 4, 2004, 'APRIL', 'TW2'),
(20040410, 10, 4, 2004, 'APRIL', 'TW2'),
(20040411, 11, 4, 2004, 'APRIL', 'TW2'),
(20040412, 12, 4, 2004, 'APRIL', 'TW2'),
(20040413, 13, 4, 2004, 'APRIL', 'TW2'),
(20040414, 14, 4, 2004, 'APRIL', 'TW2'),
(20040415, 15, 4, 2004, 'APRIL', 'TW2'),
(20040416, 16, 4, 2004, 'APRIL', 'TW2'),
(20040417, 17, 4, 2004, 'APRIL', 'TW2'),
(20040418, 18, 4, 2004, 'APRIL', 'TW2'),
(20040419, 19, 4, 2004, 'APRIL', 'TW2'),
(20040420, 20, 4, 2004, 'APRIL', 'TW2'),
(20040421, 21, 4, 2004, 'APRIL', 'TW2'),
(20040422, 22, 4, 2004, 'APRIL', 'TW2'),
(20040423, 23, 4, 2004, 'APRIL', 'TW2'),
(20040424, 24, 4, 2004, 'APRIL', 'TW2'),
(20040425, 25, 4, 2004, 'APRIL', 'TW2'),
(20040426, 26, 4, 2004, 'APRIL', 'TW2'),
(20040427, 27, 4, 2004, 'APRIL', 'TW2'),
(20040428, 28, 4, 2004, 'APRIL', 'TW2'),
(20040429, 29, 4, 2004, 'APRIL', 'TW2'),
(20040430, 30, 4, 2004, 'APRIL', 'TW2'),
(20040501, 1, 5, 2004, 'MEI', 'TW2'),
(20040502, 2, 5, 2004, 'MEI', 'TW2'),
(20040503, 3, 5, 2004, 'MEI', 'TW2'),
(20040504, 4, 5, 2004, 'MEI', 'TW2'),
(20040505, 5, 5, 2004, 'MEI', 'TW2'),
(20040506, 6, 5, 2004, 'MEI', 'TW2'),
(20040507, 7, 5, 2004, 'MEI', 'TW2'),
(20040508, 8, 5, 2004, 'MEI', 'TW2'),
(20040509, 9, 5, 2004, 'MEI', 'TW2'),
(20040510, 10, 5, 2004, 'MEI', 'TW2'),
(20040511, 11, 5, 2004, 'MEI', 'TW2'),
(20040512, 12, 5, 2004, 'MEI', 'TW2'),
(20040513, 13, 5, 2004, 'MEI', 'TW2'),
(20040514, 14, 5, 2004, 'MEI', 'TW2'),
(20040515, 15, 5, 2004, 'MEI', 'TW2'),
(20040516, 16, 5, 2004, 'MEI', 'TW2'),
(20040517, 17, 5, 2004, 'MEI', 'TW2'),
(20040518, 18, 5, 2004, 'MEI', 'TW2'),
(20040519, 19, 5, 2004, 'MEI', 'TW2'),
(20040520, 20, 5, 2004, 'MEI', 'TW2'),
(20040521, 21, 5, 2004, 'MEI', 'TW2'),
(20040522, 22, 5, 2004, 'MEI', 'TW2'),
(20040523, 23, 5, 2004, 'MEI', 'TW2'),
(20040524, 24, 5, 2004, 'MEI', 'TW2'),
(20040525, 25, 5, 2004, 'MEI', 'TW2'),
(20040526, 26, 5, 2004, 'MEI', 'TW2'),
(20040527, 27, 5, 2004, 'MEI', 'TW2'),
(20040528, 28, 5, 2004, 'MEI', 'TW2'),
(20040529, 29, 5, 2004, 'MEI', 'TW2'),
(20040530, 30, 5, 2004, 'MEI', 'TW2'),
(20040531, 31, 5, 2004, 'MEI', 'TW2'),
(20040601, 1, 6, 2004, 'JUNI', 'TW2'),
(20040602, 2, 6, 2004, 'JUNI', 'TW2'),
(20040603, 3, 6, 2004, 'JUNI', 'TW2'),
(20040604, 4, 6, 2004, 'JUNI', 'TW2'),
(20040605, 5, 6, 2004, 'JUNI', 'TW2'),
(20040606, 6, 6, 2004, 'JUNI', 'TW2'),
(20040607, 7, 6, 2004, 'JUNI', 'TW2'),
(20040608, 8, 6, 2004, 'JUNI', 'TW2'),
(20040609, 9, 6, 2004, 'JUNI', 'TW2'),
(20040610, 10, 6, 2004, 'JUNI', 'TW2'),
(20040611, 11, 6, 2004, 'JUNI', 'TW2'),
(20040612, 12, 6, 2004, 'JUNI', 'TW2'),
(20040613, 13, 6, 2004, 'JUNI', 'TW2'),
(20040614, 14, 6, 2004, 'JUNI', 'TW2'),
(20040615, 15, 6, 2004, 'JUNI', 'TW2'),
(20040616, 16, 6, 2004, 'JUNI', 'TW2'),
(20040617, 17, 6, 2004, 'JUNI', 'TW2'),
(20040618, 18, 6, 2004, 'JUNI', 'TW2'),
(20040619, 19, 6, 2004, 'JUNI', 'TW2'),
(20040620, 20, 6, 2004, 'JUNI', 'TW2'),
(20040621, 21, 6, 2004, 'JUNI', 'TW2'),
(20040622, 22, 6, 2004, 'JUNI', 'TW2'),
(20040623, 23, 6, 2004, 'JUNI', 'TW2'),
(20040624, 24, 6, 2004, 'JUNI', 'TW2'),
(20040625, 25, 6, 2004, 'JUNI', 'TW2'),
(20040626, 26, 6, 2004, 'JUNI', 'TW2'),
(20040627, 27, 6, 2004, 'JUNI', 'TW2'),
(20040628, 28, 6, 2004, 'JUNI', 'TW2'),
(20040629, 29, 6, 2004, 'JUNI', 'TW2'),
(20040630, 30, 6, 2004, 'JUNI', 'TW2'),
(20040701, 1, 7, 2004, 'JULI', 'TW3'),
(20040702, 2, 7, 2004, 'JULI', 'TW3'),
(20040703, 3, 7, 2004, 'JULI', 'TW3'),
(20040704, 4, 7, 2004, 'JULI', 'TW3'),
(20040705, 5, 7, 2004, 'JULI', 'TW3'),
(20040706, 6, 7, 2004, 'JULI', 'TW3'),
(20040707, 7, 7, 2004, 'JULI', 'TW3'),
(20040708, 8, 7, 2004, 'JULI', 'TW3'),
(20040709, 9, 7, 2004, 'JULI', 'TW3'),
(20040710, 10, 7, 2004, 'JULI', 'TW3'),
(20040711, 11, 7, 2004, 'JULI', 'TW3'),
(20040712, 12, 7, 2004, 'JULI', 'TW3'),
(20040713, 13, 7, 2004, 'JULI', 'TW3'),
(20040714, 14, 7, 2004, 'JULI', 'TW3'),
(20040715, 15, 7, 2004, 'JULI', 'TW3'),
(20040716, 16, 7, 2004, 'JULI', 'TW3'),
(20040717, 17, 7, 2004, 'JULI', 'TW3'),
(20040718, 18, 7, 2004, 'JULI', 'TW3'),
(20040719, 19, 7, 2004, 'JULI', 'TW3'),
(20040720, 20, 7, 2004, 'JULI', 'TW3'),
(20040721, 21, 7, 2004, 'JULI', 'TW3'),
(20040722, 22, 7, 2004, 'JULI', 'TW3'),
(20040723, 23, 7, 2004, 'JULI', 'TW3'),
(20040724, 24, 7, 2004, 'JULI', 'TW3'),
(20040725, 25, 7, 2004, 'JULI', 'TW3'),
(20040726, 26, 7, 2004, 'JULI', 'TW3'),
(20040727, 27, 7, 2004, 'JULI', 'TW3'),
(20040728, 28, 7, 2004, 'JULI', 'TW3'),
(20040729, 29, 7, 2004, 'JULI', 'TW3'),
(20040730, 30, 7, 2004, 'JULI', 'TW3'),
(20040731, 31, 7, 2004, 'JULI', 'TW3'),
(20040801, 1, 8, 2004, 'AGUSTUS', 'TW3'),
(20040802, 2, 8, 2004, 'AGUSTUS', 'TW3'),
(20040803, 3, 8, 2004, 'AGUSTUS', 'TW3'),
(20040804, 4, 8, 2004, 'AGUSTUS', 'TW3'),
(20040805, 5, 8, 2004, 'AGUSTUS', 'TW3'),
(20040806, 6, 8, 2004, 'AGUSTUS', 'TW3'),
(20040807, 7, 8, 2004, 'AGUSTUS', 'TW3'),
(20040808, 8, 8, 2004, 'AGUSTUS', 'TW3'),
(20040809, 9, 8, 2004, 'AGUSTUS', 'TW3'),
(20040810, 10, 8, 2004, 'AGUSTUS', 'TW3'),
(20040811, 11, 8, 2004, 'AGUSTUS', 'TW3'),
(20040812, 12, 8, 2004, 'AGUSTUS', 'TW3'),
(20040813, 13, 8, 2004, 'AGUSTUS', 'TW3'),
(20040814, 14, 8, 2004, 'AGUSTUS', 'TW3'),
(20040815, 15, 8, 2004, 'AGUSTUS', 'TW3'),
(20040816, 16, 8, 2004, 'AGUSTUS', 'TW3'),
(20040817, 17, 8, 2004, 'AGUSTUS', 'TW3'),
(20040818, 18, 8, 2004, 'AGUSTUS', 'TW3'),
(20040819, 19, 8, 2004, 'AGUSTUS', 'TW3'),
(20040820, 20, 8, 2004, 'AGUSTUS', 'TW3'),
(20040821, 21, 8, 2004, 'AGUSTUS', 'TW3'),
(20040822, 22, 8, 2004, 'AGUSTUS', 'TW3'),
(20040823, 23, 8, 2004, 'AGUSTUS', 'TW3'),
(20040824, 24, 8, 2004, 'AGUSTUS', 'TW3'),
(20040825, 25, 8, 2004, 'AGUSTUS', 'TW3'),
(20040826, 26, 8, 2004, 'AGUSTUS', 'TW3'),
(20040827, 27, 8, 2004, 'AGUSTUS', 'TW3'),
(20040828, 28, 8, 2004, 'AGUSTUS', 'TW3'),
(20040829, 29, 8, 2004, 'AGUSTUS', 'TW3'),
(20040830, 30, 8, 2004, 'AGUSTUS', 'TW3'),
(20040831, 31, 8, 2004, 'AGUSTUS', 'TW3'),
(20040901, 1, 9, 2004, 'SEPTEMBER', 'TW3'),
(20040902, 2, 9, 2004, 'SEPTEMBER', 'TW3'),
(20040903, 3, 9, 2004, 'SEPTEMBER', 'TW3'),
(20040904, 4, 9, 2004, 'SEPTEMBER', 'TW3'),
(20040905, 5, 9, 2004, 'SEPTEMBER', 'TW3'),
(20040906, 6, 9, 2004, 'SEPTEMBER', 'TW3'),
(20040907, 7, 9, 2004, 'SEPTEMBER', 'TW3'),
(20040908, 8, 9, 2004, 'SEPTEMBER', 'TW3'),
(20040909, 9, 9, 2004, 'SEPTEMBER', 'TW3'),
(20040910, 10, 9, 2004, 'SEPTEMBER', 'TW3'),
(20040911, 11, 9, 2004, 'SEPTEMBER', 'TW3'),
(20040912, 12, 9, 2004, 'SEPTEMBER', 'TW3'),
(20040913, 13, 9, 2004, 'SEPTEMBER', 'TW3'),
(20040914, 14, 9, 2004, 'SEPTEMBER', 'TW3'),
(20040915, 15, 9, 2004, 'SEPTEMBER', 'TW3'),
(20040916, 16, 9, 2004, 'SEPTEMBER', 'TW3'),
(20040917, 17, 9, 2004, 'SEPTEMBER', 'TW3'),
(20040918, 18, 9, 2004, 'SEPTEMBER', 'TW3'),
(20040919, 19, 9, 2004, 'SEPTEMBER', 'TW3'),
(20040920, 20, 9, 2004, 'SEPTEMBER', 'TW3'),
(20040921, 21, 9, 2004, 'SEPTEMBER', 'TW3'),
(20040922, 22, 9, 2004, 'SEPTEMBER', 'TW3'),
(20040923, 23, 9, 2004, 'SEPTEMBER', 'TW3'),
(20040924, 24, 9, 2004, 'SEPTEMBER', 'TW3'),
(20040925, 25, 9, 2004, 'SEPTEMBER', 'TW3'),
(20040926, 26, 9, 2004, 'SEPTEMBER', 'TW3'),
(20040927, 27, 9, 2004, 'SEPTEMBER', 'TW3'),
(20040928, 28, 9, 2004, 'SEPTEMBER', 'TW3'),
(20040929, 29, 9, 2004, 'SEPTEMBER', 'TW3'),
(20040930, 30, 9, 2004, 'SEPTEMBER', 'TW3'),
(20041001, 1, 10, 2004, 'OKTOBER', 'TW4'),
(20041002, 2, 10, 2004, 'OKTOBER', 'TW4'),
(20041003, 3, 10, 2004, 'OKTOBER', 'TW4'),
(20041004, 4, 10, 2004, 'OKTOBER', 'TW4'),
(20041005, 5, 10, 2004, 'OKTOBER', 'TW4'),
(20041006, 6, 10, 2004, 'OKTOBER', 'TW4'),
(20041007, 7, 10, 2004, 'OKTOBER', 'TW4'),
(20041008, 8, 10, 2004, 'OKTOBER', 'TW4'),
(20041009, 9, 10, 2004, 'OKTOBER', 'TW4'),
(20041010, 10, 10, 2004, 'OKTOBER', 'TW4'),
(20041011, 11, 10, 2004, 'OKTOBER', 'TW4'),
(20041012, 12, 10, 2004, 'OKTOBER', 'TW4'),
(20041013, 13, 10, 2004, 'OKTOBER', 'TW4'),
(20041014, 14, 10, 2004, 'OKTOBER', 'TW4'),
(20041015, 15, 10, 2004, 'OKTOBER', 'TW4'),
(20041016, 16, 10, 2004, 'OKTOBER', 'TW4'),
(20041017, 17, 10, 2004, 'OKTOBER', 'TW4'),
(20041018, 18, 10, 2004, 'OKTOBER', 'TW4'),
(20041019, 19, 10, 2004, 'OKTOBER', 'TW4'),
(20041020, 20, 10, 2004, 'OKTOBER', 'TW4'),
(20041021, 21, 10, 2004, 'OKTOBER', 'TW4'),
(20041022, 22, 10, 2004, 'OKTOBER', 'TW4'),
(20041023, 23, 10, 2004, 'OKTOBER', 'TW4'),
(20041024, 24, 10, 2004, 'OKTOBER', 'TW4'),
(20041025, 25, 10, 2004, 'OKTOBER', 'TW4'),
(20041026, 26, 10, 2004, 'OKTOBER', 'TW4'),
(20041027, 27, 10, 2004, 'OKTOBER', 'TW4'),
(20041028, 28, 10, 2004, 'OKTOBER', 'TW4'),
(20041029, 29, 10, 2004, 'OKTOBER', 'TW4'),
(20041030, 30, 10, 2004, 'OKTOBER', 'TW4'),
(20041031, 31, 10, 2004, 'OKTOBER', 'TW4'),
(20041101, 1, 11, 2004, 'NOVEMBER', 'TW4'),
(20041102, 2, 11, 2004, 'NOVEMBER', 'TW4'),
(20041103, 3, 11, 2004, 'NOVEMBER', 'TW4'),
(20041104, 4, 11, 2004, 'NOVEMBER', 'TW4'),
(20041105, 5, 11, 2004, 'NOVEMBER', 'TW4'),
(20041106, 6, 11, 2004, 'NOVEMBER', 'TW4'),
(20041107, 7, 11, 2004, 'NOVEMBER', 'TW4'),
(20041108, 8, 11, 2004, 'NOVEMBER', 'TW4'),
(20041109, 9, 11, 2004, 'NOVEMBER', 'TW4'),
(20041110, 10, 11, 2004, 'NOVEMBER', 'TW4'),
(20041111, 11, 11, 2004, 'NOVEMBER', 'TW4'),
(20041112, 12, 11, 2004, 'NOVEMBER', 'TW4'),
(20041113, 13, 11, 2004, 'NOVEMBER', 'TW4'),
(20041114, 14, 11, 2004, 'NOVEMBER', 'TW4'),
(20041115, 15, 11, 2004, 'NOVEMBER', 'TW4'),
(20041116, 16, 11, 2004, 'NOVEMBER', 'TW4'),
(20041117, 17, 11, 2004, 'NOVEMBER', 'TW4'),
(20041118, 18, 11, 2004, 'NOVEMBER', 'TW4'),
(20041119, 19, 11, 2004, 'NOVEMBER', 'TW4'),
(20041120, 20, 11, 2004, 'NOVEMBER', 'TW4'),
(20041121, 21, 11, 2004, 'NOVEMBER', 'TW4'),
(20041122, 22, 11, 2004, 'NOVEMBER', 'TW4'),
(20041123, 23, 11, 2004, 'NOVEMBER', 'TW4'),
(20041124, 24, 11, 2004, 'NOVEMBER', 'TW4'),
(20041125, 25, 11, 2004, 'NOVEMBER', 'TW4'),
(20041126, 26, 11, 2004, 'NOVEMBER', 'TW4'),
(20041127, 27, 11, 2004, 'NOVEMBER', 'TW4'),
(20041128, 28, 11, 2004, 'NOVEMBER', 'TW4'),
(20041129, 29, 11, 2004, 'NOVEMBER', 'TW4'),
(20041130, 30, 11, 2004, 'NOVEMBER', 'TW4'),
(20041201, 1, 12, 2004, 'DESEMBER', 'TW4'),
(20041202, 2, 12, 2004, 'DESEMBER', 'TW4'),
(20041203, 3, 12, 2004, 'DESEMBER', 'TW4'),
(20041204, 4, 12, 2004, 'DESEMBER', 'TW4'),
(20041205, 5, 12, 2004, 'DESEMBER', 'TW4'),
(20041206, 6, 12, 2004, 'DESEMBER', 'TW4'),
(20041207, 7, 12, 2004, 'DESEMBER', 'TW4'),
(20041208, 8, 12, 2004, 'DESEMBER', 'TW4'),
(20041209, 9, 12, 2004, 'DESEMBER', 'TW4'),
(20041210, 10, 12, 2004, 'DESEMBER', 'TW4'),
(20041211, 11, 12, 2004, 'DESEMBER', 'TW4'),
(20041212, 12, 12, 2004, 'DESEMBER', 'TW4'),
(20041213, 13, 12, 2004, 'DESEMBER', 'TW4'),
(20041214, 14, 12, 2004, 'DESEMBER', 'TW4'),
(20041215, 15, 12, 2004, 'DESEMBER', 'TW4'),
(20041216, 16, 12, 2004, 'DESEMBER', 'TW4'),
(20041217, 17, 12, 2004, 'DESEMBER', 'TW4'),
(20041218, 18, 12, 2004, 'DESEMBER', 'TW4'),
(20041219, 19, 12, 2004, 'DESEMBER', 'TW4'),
(20041220, 20, 12, 2004, 'DESEMBER', 'TW4'),
(20041221, 21, 12, 2004, 'DESEMBER', 'TW4'),
(20041222, 22, 12, 2004, 'DESEMBER', 'TW4'),
(20041223, 23, 12, 2004, 'DESEMBER', 'TW4'),
(20041224, 24, 12, 2004, 'DESEMBER', 'TW4'),
(20041225, 25, 12, 2004, 'DESEMBER', 'TW4'),
(20041226, 26, 12, 2004, 'DESEMBER', 'TW4'),
(20041227, 27, 12, 2004, 'DESEMBER', 'TW4'),
(20041228, 28, 12, 2004, 'DESEMBER', 'TW4'),
(20041229, 29, 12, 2004, 'DESEMBER', 'TW4'),
(20041230, 30, 12, 2004, 'DESEMBER', 'TW4'),
(20041231, 31, 12, 2004, 'DESEMBER', 'TW4'),
(20050101, 1, 1, 2005, 'JANUARI', 'TW1'),
(20050102, 2, 1, 2005, 'JANUARI', 'TW1'),
(20050103, 3, 1, 2005, 'JANUARI', 'TW1'),
(20050104, 4, 1, 2005, 'JANUARI', 'TW1'),
(20050105, 5, 1, 2005, 'JANUARI', 'TW1'),
(20050106, 6, 1, 2005, 'JANUARI', 'TW1'),
(20050107, 7, 1, 2005, 'JANUARI', 'TW1'),
(20050108, 8, 1, 2005, 'JANUARI', 'TW1'),
(20050109, 9, 1, 2005, 'JANUARI', 'TW1'),
(20050110, 10, 1, 2005, 'JANUARI', 'TW1'),
(20050111, 11, 1, 2005, 'JANUARI', 'TW1'),
(20050112, 12, 1, 2005, 'JANUARI', 'TW1'),
(20050113, 13, 1, 2005, 'JANUARI', 'TW1'),
(20050114, 14, 1, 2005, 'JANUARI', 'TW1'),
(20050115, 15, 1, 2005, 'JANUARI', 'TW1'),
(20050116, 16, 1, 2005, 'JANUARI', 'TW1'),
(20050117, 17, 1, 2005, 'JANUARI', 'TW1'),
(20050118, 18, 1, 2005, 'JANUARI', 'TW1'),
(20050119, 19, 1, 2005, 'JANUARI', 'TW1'),
(20050120, 20, 1, 2005, 'JANUARI', 'TW1'),
(20050121, 21, 1, 2005, 'JANUARI', 'TW1'),
(20050122, 22, 1, 2005, 'JANUARI', 'TW1'),
(20050123, 23, 1, 2005, 'JANUARI', 'TW1'),
(20050124, 24, 1, 2005, 'JANUARI', 'TW1'),
(20050125, 25, 1, 2005, 'JANUARI', 'TW1'),
(20050126, 26, 1, 2005, 'JANUARI', 'TW1'),
(20050127, 27, 1, 2005, 'JANUARI', 'TW1'),
(20050128, 28, 1, 2005, 'JANUARI', 'TW1'),
(20050129, 29, 1, 2005, 'JANUARI', 'TW1'),
(20050130, 30, 1, 2005, 'JANUARI', 'TW1'),
(20050131, 31, 1, 2005, 'JANUARI', 'TW1'),
(20050201, 1, 2, 2005, 'FEBRUARI', 'TW1'),
(20050202, 2, 2, 2005, 'FEBRUARI', 'TW1'),
(20050203, 3, 2, 2005, 'FEBRUARI', 'TW1'),
(20050204, 4, 2, 2005, 'FEBRUARI', 'TW1'),
(20050205, 5, 2, 2005, 'FEBRUARI', 'TW1'),
(20050206, 6, 2, 2005, 'FEBRUARI', 'TW1'),
(20050207, 7, 2, 2005, 'FEBRUARI', 'TW1'),
(20050208, 8, 2, 2005, 'FEBRUARI', 'TW1'),
(20050209, 9, 2, 2005, 'FEBRUARI', 'TW1'),
(20050210, 10, 2, 2005, 'FEBRUARI', 'TW1'),
(20050211, 11, 2, 2005, 'FEBRUARI', 'TW1'),
(20050212, 12, 2, 2005, 'FEBRUARI', 'TW1'),
(20050213, 13, 2, 2005, 'FEBRUARI', 'TW1'),
(20050214, 14, 2, 2005, 'FEBRUARI', 'TW1'),
(20050215, 15, 2, 2005, 'FEBRUARI', 'TW1'),
(20050216, 16, 2, 2005, 'FEBRUARI', 'TW1'),
(20050217, 17, 2, 2005, 'FEBRUARI', 'TW1'),
(20050218, 18, 2, 2005, 'FEBRUARI', 'TW1'),
(20050219, 19, 2, 2005, 'FEBRUARI', 'TW1'),
(20050220, 20, 2, 2005, 'FEBRUARI', 'TW1'),
(20050221, 21, 2, 2005, 'FEBRUARI', 'TW1'),
(20050222, 22, 2, 2005, 'FEBRUARI', 'TW1'),
(20050223, 23, 2, 2005, 'FEBRUARI', 'TW1'),
(20050224, 24, 2, 2005, 'FEBRUARI', 'TW1'),
(20050225, 25, 2, 2005, 'FEBRUARI', 'TW1'),
(20050226, 26, 2, 2005, 'FEBRUARI', 'TW1'),
(20050227, 27, 2, 2005, 'FEBRUARI', 'TW1'),
(20050228, 28, 2, 2005, 'FEBRUARI', 'TW1'),
(20050301, 1, 3, 2005, 'MARET', 'TW1'),
(20050302, 2, 3, 2005, 'MARET', 'TW1'),
(20050303, 3, 3, 2005, 'MARET', 'TW1'),
(20050304, 4, 3, 2005, 'MARET', 'TW1'),
(20050305, 5, 3, 2005, 'MARET', 'TW1'),
(20050306, 6, 3, 2005, 'MARET', 'TW1'),
(20050307, 7, 3, 2005, 'MARET', 'TW1'),
(20050308, 8, 3, 2005, 'MARET', 'TW1'),
(20050309, 9, 3, 2005, 'MARET', 'TW1'),
(20050310, 10, 3, 2005, 'MARET', 'TW1'),
(20050311, 11, 3, 2005, 'MARET', 'TW1'),
(20050312, 12, 3, 2005, 'MARET', 'TW1'),
(20050313, 13, 3, 2005, 'MARET', 'TW1'),
(20050314, 14, 3, 2005, 'MARET', 'TW1'),
(20050315, 15, 3, 2005, 'MARET', 'TW1'),
(20050316, 16, 3, 2005, 'MARET', 'TW1'),
(20050317, 17, 3, 2005, 'MARET', 'TW1'),
(20050318, 18, 3, 2005, 'MARET', 'TW1'),
(20050319, 19, 3, 2005, 'MARET', 'TW1'),
(20050320, 20, 3, 2005, 'MARET', 'TW1'),
(20050321, 21, 3, 2005, 'MARET', 'TW1'),
(20050322, 22, 3, 2005, 'MARET', 'TW1'),
(20050323, 23, 3, 2005, 'MARET', 'TW1'),
(20050324, 24, 3, 2005, 'MARET', 'TW1'),
(20050325, 25, 3, 2005, 'MARET', 'TW1'),
(20050326, 26, 3, 2005, 'MARET', 'TW1'),
(20050327, 27, 3, 2005, 'MARET', 'TW1'),
(20050328, 28, 3, 2005, 'MARET', 'TW1'),
(20050329, 29, 3, 2005, 'MARET', 'TW1'),
(20050330, 30, 3, 2005, 'MARET', 'TW1'),
(20050331, 31, 3, 2005, 'MARET', 'TW1'),
(20050401, 1, 4, 2005, 'APRIL', 'TW2'),
(20050402, 2, 4, 2005, 'APRIL', 'TW2'),
(20050403, 3, 4, 2005, 'APRIL', 'TW2'),
(20050404, 4, 4, 2005, 'APRIL', 'TW2'),
(20050405, 5, 4, 2005, 'APRIL', 'TW2'),
(20050406, 6, 4, 2005, 'APRIL', 'TW2'),
(20050407, 7, 4, 2005, 'APRIL', 'TW2'),
(20050408, 8, 4, 2005, 'APRIL', 'TW2'),
(20050409, 9, 4, 2005, 'APRIL', 'TW2'),
(20050410, 10, 4, 2005, 'APRIL', 'TW2'),
(20050411, 11, 4, 2005, 'APRIL', 'TW2'),
(20050412, 12, 4, 2005, 'APRIL', 'TW2'),
(20050413, 13, 4, 2005, 'APRIL', 'TW2'),
(20050414, 14, 4, 2005, 'APRIL', 'TW2'),
(20050415, 15, 4, 2005, 'APRIL', 'TW2'),
(20050416, 16, 4, 2005, 'APRIL', 'TW2'),
(20050417, 17, 4, 2005, 'APRIL', 'TW2'),
(20050418, 18, 4, 2005, 'APRIL', 'TW2'),
(20050419, 19, 4, 2005, 'APRIL', 'TW2'),
(20050420, 20, 4, 2005, 'APRIL', 'TW2'),
(20050421, 21, 4, 2005, 'APRIL', 'TW2'),
(20050422, 22, 4, 2005, 'APRIL', 'TW2'),
(20050423, 23, 4, 2005, 'APRIL', 'TW2'),
(20050424, 24, 4, 2005, 'APRIL', 'TW2'),
(20050425, 25, 4, 2005, 'APRIL', 'TW2'),
(20050426, 26, 4, 2005, 'APRIL', 'TW2'),
(20050427, 27, 4, 2005, 'APRIL', 'TW2'),
(20050428, 28, 4, 2005, 'APRIL', 'TW2'),
(20050429, 29, 4, 2005, 'APRIL', 'TW2'),
(20050430, 30, 4, 2005, 'APRIL', 'TW2'),
(20050501, 1, 5, 2005, 'MEI', 'TW2'),
(20050502, 2, 5, 2005, 'MEI', 'TW2'),
(20050503, 3, 5, 2005, 'MEI', 'TW2'),
(20050504, 4, 5, 2005, 'MEI', 'TW2'),
(20050505, 5, 5, 2005, 'MEI', 'TW2'),
(20050506, 6, 5, 2005, 'MEI', 'TW2'),
(20050507, 7, 5, 2005, 'MEI', 'TW2'),
(20050508, 8, 5, 2005, 'MEI', 'TW2'),
(20050509, 9, 5, 2005, 'MEI', 'TW2'),
(20050510, 10, 5, 2005, 'MEI', 'TW2'),
(20050511, 11, 5, 2005, 'MEI', 'TW2'),
(20050512, 12, 5, 2005, 'MEI', 'TW2'),
(20050513, 13, 5, 2005, 'MEI', 'TW2'),
(20050514, 14, 5, 2005, 'MEI', 'TW2'),
(20050515, 15, 5, 2005, 'MEI', 'TW2'),
(20050516, 16, 5, 2005, 'MEI', 'TW2'),
(20050517, 17, 5, 2005, 'MEI', 'TW2'),
(20050518, 18, 5, 2005, 'MEI', 'TW2'),
(20050519, 19, 5, 2005, 'MEI', 'TW2'),
(20050520, 20, 5, 2005, 'MEI', 'TW2'),
(20050521, 21, 5, 2005, 'MEI', 'TW2'),
(20050522, 22, 5, 2005, 'MEI', 'TW2'),
(20050523, 23, 5, 2005, 'MEI', 'TW2'),
(20050524, 24, 5, 2005, 'MEI', 'TW2'),
(20050525, 25, 5, 2005, 'MEI', 'TW2'),
(20050526, 26, 5, 2005, 'MEI', 'TW2'),
(20050527, 27, 5, 2005, 'MEI', 'TW2'),
(20050528, 28, 5, 2005, 'MEI', 'TW2'),
(20050529, 29, 5, 2005, 'MEI', 'TW2'),
(20050530, 30, 5, 2005, 'MEI', 'TW2'),
(20050531, 31, 5, 2005, 'MEI', 'TW2'),
(20050601, 1, 6, 2005, 'JUNI', 'TW2'),
(20050602, 2, 6, 2005, 'JUNI', 'TW2'),
(20050603, 3, 6, 2005, 'JUNI', 'TW2'),
(20050604, 4, 6, 2005, 'JUNI', 'TW2'),
(20050605, 5, 6, 2005, 'JUNI', 'TW2'),
(20050606, 6, 6, 2005, 'JUNI', 'TW2'),
(20050607, 7, 6, 2005, 'JUNI', 'TW2'),
(20050608, 8, 6, 2005, 'JUNI', 'TW2'),
(20050609, 9, 6, 2005, 'JUNI', 'TW2'),
(20050610, 10, 6, 2005, 'JUNI', 'TW2'),
(20050611, 11, 6, 2005, 'JUNI', 'TW2'),
(20050612, 12, 6, 2005, 'JUNI', 'TW2'),
(20050613, 13, 6, 2005, 'JUNI', 'TW2'),
(20050614, 14, 6, 2005, 'JUNI', 'TW2'),
(20050615, 15, 6, 2005, 'JUNI', 'TW2'),
(20050616, 16, 6, 2005, 'JUNI', 'TW2'),
(20050617, 17, 6, 2005, 'JUNI', 'TW2'),
(20050618, 18, 6, 2005, 'JUNI', 'TW2'),
(20050619, 19, 6, 2005, 'JUNI', 'TW2'),
(20050620, 20, 6, 2005, 'JUNI', 'TW2'),
(20050621, 21, 6, 2005, 'JUNI', 'TW2'),
(20050622, 22, 6, 2005, 'JUNI', 'TW2'),
(20050623, 23, 6, 2005, 'JUNI', 'TW2'),
(20050624, 24, 6, 2005, 'JUNI', 'TW2'),
(20050625, 25, 6, 2005, 'JUNI', 'TW2'),
(20050626, 26, 6, 2005, 'JUNI', 'TW2'),
(20050627, 27, 6, 2005, 'JUNI', 'TW2'),
(20050628, 28, 6, 2005, 'JUNI', 'TW2'),
(20050629, 29, 6, 2005, 'JUNI', 'TW2'),
(20050630, 30, 6, 2005, 'JUNI', 'TW2'),
(20050701, 1, 7, 2005, 'JULI', 'TW3'),
(20050702, 2, 7, 2005, 'JULI', 'TW3'),
(20050703, 3, 7, 2005, 'JULI', 'TW3'),
(20050704, 4, 7, 2005, 'JULI', 'TW3'),
(20050705, 5, 7, 2005, 'JULI', 'TW3'),
(20050706, 6, 7, 2005, 'JULI', 'TW3'),
(20050707, 7, 7, 2005, 'JULI', 'TW3'),
(20050708, 8, 7, 2005, 'JULI', 'TW3'),
(20050709, 9, 7, 2005, 'JULI', 'TW3'),
(20050710, 10, 7, 2005, 'JULI', 'TW3'),
(20050711, 11, 7, 2005, 'JULI', 'TW3'),
(20050712, 12, 7, 2005, 'JULI', 'TW3'),
(20050713, 13, 7, 2005, 'JULI', 'TW3'),
(20050714, 14, 7, 2005, 'JULI', 'TW3'),
(20050715, 15, 7, 2005, 'JULI', 'TW3'),
(20050716, 16, 7, 2005, 'JULI', 'TW3'),
(20050717, 17, 7, 2005, 'JULI', 'TW3'),
(20050718, 18, 7, 2005, 'JULI', 'TW3'),
(20050719, 19, 7, 2005, 'JULI', 'TW3'),
(20050720, 20, 7, 2005, 'JULI', 'TW3'),
(20050721, 21, 7, 2005, 'JULI', 'TW3'),
(20050722, 22, 7, 2005, 'JULI', 'TW3'),
(20050723, 23, 7, 2005, 'JULI', 'TW3'),
(20050724, 24, 7, 2005, 'JULI', 'TW3'),
(20050725, 25, 7, 2005, 'JULI', 'TW3'),
(20050726, 26, 7, 2005, 'JULI', 'TW3'),
(20050727, 27, 7, 2005, 'JULI', 'TW3'),
(20050728, 28, 7, 2005, 'JULI', 'TW3'),
(20050729, 29, 7, 2005, 'JULI', 'TW3'),
(20050730, 30, 7, 2005, 'JULI', 'TW3'),
(20050731, 31, 7, 2005, 'JULI', 'TW3'),
(20050801, 1, 8, 2005, 'AGUSTUS', 'TW3'),
(20050802, 2, 8, 2005, 'AGUSTUS', 'TW3'),
(20050803, 3, 8, 2005, 'AGUSTUS', 'TW3'),
(20050804, 4, 8, 2005, 'AGUSTUS', 'TW3'),
(20050805, 5, 8, 2005, 'AGUSTUS', 'TW3'),
(20050806, 6, 8, 2005, 'AGUSTUS', 'TW3'),
(20050807, 7, 8, 2005, 'AGUSTUS', 'TW3'),
(20050808, 8, 8, 2005, 'AGUSTUS', 'TW3'),
(20050809, 9, 8, 2005, 'AGUSTUS', 'TW3'),
(20050810, 10, 8, 2005, 'AGUSTUS', 'TW3'),
(20050811, 11, 8, 2005, 'AGUSTUS', 'TW3'),
(20050812, 12, 8, 2005, 'AGUSTUS', 'TW3'),
(20050813, 13, 8, 2005, 'AGUSTUS', 'TW3'),
(20050814, 14, 8, 2005, 'AGUSTUS', 'TW3'),
(20050815, 15, 8, 2005, 'AGUSTUS', 'TW3'),
(20050816, 16, 8, 2005, 'AGUSTUS', 'TW3'),
(20050817, 17, 8, 2005, 'AGUSTUS', 'TW3'),
(20050818, 18, 8, 2005, 'AGUSTUS', 'TW3'),
(20050819, 19, 8, 2005, 'AGUSTUS', 'TW3'),
(20050820, 20, 8, 2005, 'AGUSTUS', 'TW3'),
(20050821, 21, 8, 2005, 'AGUSTUS', 'TW3'),
(20050822, 22, 8, 2005, 'AGUSTUS', 'TW3'),
(20050823, 23, 8, 2005, 'AGUSTUS', 'TW3'),
(20050824, 24, 8, 2005, 'AGUSTUS', 'TW3'),
(20050825, 25, 8, 2005, 'AGUSTUS', 'TW3'),
(20050826, 26, 8, 2005, 'AGUSTUS', 'TW3'),
(20050827, 27, 8, 2005, 'AGUSTUS', 'TW3'),
(20050828, 28, 8, 2005, 'AGUSTUS', 'TW3'),
(20050829, 29, 8, 2005, 'AGUSTUS', 'TW3'),
(20050830, 30, 8, 2005, 'AGUSTUS', 'TW3'),
(20050831, 31, 8, 2005, 'AGUSTUS', 'TW3'),
(20050901, 1, 9, 2005, 'SEPTEMBER', 'TW3'),
(20050902, 2, 9, 2005, 'SEPTEMBER', 'TW3'),
(20050903, 3, 9, 2005, 'SEPTEMBER', 'TW3'),
(20050904, 4, 9, 2005, 'SEPTEMBER', 'TW3'),
(20050905, 5, 9, 2005, 'SEPTEMBER', 'TW3'),
(20050906, 6, 9, 2005, 'SEPTEMBER', 'TW3'),
(20050907, 7, 9, 2005, 'SEPTEMBER', 'TW3'),
(20050908, 8, 9, 2005, 'SEPTEMBER', 'TW3'),
(20050909, 9, 9, 2005, 'SEPTEMBER', 'TW3'),
(20050910, 10, 9, 2005, 'SEPTEMBER', 'TW3'),
(20050911, 11, 9, 2005, 'SEPTEMBER', 'TW3'),
(20050912, 12, 9, 2005, 'SEPTEMBER', 'TW3'),
(20050913, 13, 9, 2005, 'SEPTEMBER', 'TW3'),
(20050914, 14, 9, 2005, 'SEPTEMBER', 'TW3'),
(20050915, 15, 9, 2005, 'SEPTEMBER', 'TW3'),
(20050916, 16, 9, 2005, 'SEPTEMBER', 'TW3'),
(20050917, 17, 9, 2005, 'SEPTEMBER', 'TW3'),
(20050918, 18, 9, 2005, 'SEPTEMBER', 'TW3'),
(20050919, 19, 9, 2005, 'SEPTEMBER', 'TW3'),
(20050920, 20, 9, 2005, 'SEPTEMBER', 'TW3'),
(20050921, 21, 9, 2005, 'SEPTEMBER', 'TW3'),
(20050922, 22, 9, 2005, 'SEPTEMBER', 'TW3'),
(20050923, 23, 9, 2005, 'SEPTEMBER', 'TW3'),
(20050924, 24, 9, 2005, 'SEPTEMBER', 'TW3'),
(20050925, 25, 9, 2005, 'SEPTEMBER', 'TW3'),
(20050926, 26, 9, 2005, 'SEPTEMBER', 'TW3');

-- --------------------------------------------------------

--
-- Struktur dari tabel `karyawan`
--

CREATE TABLE `karyawan` (
  `employeeNumber` int(11) NOT NULL,
  `name` varchar(250) NOT NULL,
  `asal` varchar(250) NOT NULL
) ENGINE=InnoDB DEFAULT CHARSET=utf8mb4;

--
-- Dumping data untuk tabel `karyawan`
--

INSERT INTO `karyawan` (`employeeNumber`, `name`, `asal`) VALUES
(1002, 'Diane Murphy', 'San Francisco, USA'),
(1056, 'Mary Patterson', 'San Francisco, USA'),
(1076, 'Jeff Firrelli', 'San Francisco, USA'),
(1143, 'Anthony Bow', 'San Francisco, USA'),
(1165, 'Leslie Jennings', 'San Francisco, USA'),
(1166, 'Leslie Thompson', 'San Francisco, USA'),
(1188, 'Julie Firrelli', 'Boston, USA'),
(1216, 'Steve Patterson', 'Boston, USA'),
(1286, 'Foon Yue Tseng', 'NYC, USA'),
(1323, 'George Vanauf', 'NYC, USA'),
(1102, 'Gerard Bondur', 'Paris, France'),
(1337, 'Loui Bondur', 'Paris, France'),
(1370, 'Gerard Hernandez', 'Paris, France'),
(1401, 'Pamela Castillo', 'Paris, France'),
(1702, 'Martin Gerard', 'Paris, France'),
(1621, 'Mami Nishi', 'Tokyo, Japan'),
(1625, 'Yoshimi Kato', 'Tokyo, Japan'),
(1088, 'William Patterson', 'Sydney, Australia'),
(1611, 'Andy Fixter', 'Sydney, Australia'),
(1612, 'Peter Marsh', 'Sydney, Australia'),
(1619, 'Tom King', 'Sydney, Australia'),
(1501, 'Larry Bott', 'London, UK'),
(1504, 'Barry Jones', 'London, UK');

-- --------------------------------------------------------

--
-- Struktur dari tabel `transaksi`
--

CREATE TABLE `transaksi` (
  `id` int(11) NOT NULL,
  `waktuTransaksi` varchar(100) NOT NULL
) ENGINE=InnoDB DEFAULT CHARSET=utf8mb4;

--
-- Dumping data untuk tabel `transaksi`
--

INSERT INTO `transaksi` (`id`, `waktuTransaksi`) VALUES
(20030101, '1 JANUARI 2003'),
(20030102, '2 JANUARI 2003'),
(20030103, '3 JANUARI 2003'),
(20030104, '4 JANUARI 2003'),
(20030105, '5 JANUARI 2003'),
(20030106, '6 JANUARI 2003'),
(20030107, '7 JANUARI 2003'),
(20030108, '8 JANUARI 2003'),
(20030109, '9 JANUARI 2003'),
(20030110, '10 JANUARI 2003'),
(20030111, '11 JANUARI 2003'),
(20030112, '12 JANUARI 2003'),
(20030113, '13 JANUARI 2003'),
(20030114, '14 JANUARI 2003'),
(20030115, '15 JANUARI 2003'),
(20030116, '16 JANUARI 2003'),
(20030117, '17 JANUARI 2003'),
(20030118, '18 JANUARI 2003'),
(20030119, '19 JANUARI 2003'),
(20030120, '20 JANUARI 2003'),
(20030121, '21 JANUARI 2003'),
(20030122, '22 JANUARI 2003'),
(20030123, '23 JANUARI 2003'),
(20030124, '24 JANUARI 2003'),
(20030125, '25 JANUARI 2003'),
(20030126, '26 JANUARI 2003'),
(20030127, '27 JANUARI 2003'),
(20030128, '28 JANUARI 2003'),
(20030129, '29 JANUARI 2003'),
(20030130, '30 JANUARI 2003'),
(20030131, '31 JANUARI 2003'),
(20030201, '1 FEBRUARI 2003'),
(20030202, '2 FEBRUARI 2003'),
(20030203, '3 FEBRUARI 2003'),
(20030204, '4 FEBRUARI 2003'),
(20030205, '5 FEBRUARI 2003'),
(20030206, '6 FEBRUARI 2003'),
(20030207, '7 FEBRUARI 2003'),
(20030208, '8 FEBRUARI 2003'),
(20030209, '9 FEBRUARI 2003'),
(20030210, '10 FEBRUARI 2003'),
(20030211, '11 FEBRUARI 2003'),
(20030212, '12 FEBRUARI 2003'),
(20030213, '13 FEBRUARI 2003'),
(20030214, '14 FEBRUARI 2003'),
(20030215, '15 FEBRUARI 2003'),
(20030216, '16 FEBRUARI 2003'),
(20030217, '17 FEBRUARI 2003'),
(20030218, '18 FEBRUARI 2003'),
(20030219, '19 FEBRUARI 2003'),
(20030220, '20 FEBRUARI 2003'),
(20030221, '21 FEBRUARI 2003'),
(20030222, '22 FEBRUARI 2003'),
(20030223, '23 FEBRUARI 2003'),
(20030224, '24 FEBRUARI 2003'),
(20030225, '25 FEBRUARI 2003'),
(20030226, '26 FEBRUARI 2003'),
(20030227, '27 FEBRUARI 2003'),
(20030228, '28 FEBRUARI 2003'),
(20030301, '1 MARET 2003'),
(20030302, '2 MARET 2003'),
(20030303, '3 MARET 2003'),
(20030304, '4 MARET 2003'),
(20030305, '5 MARET 2003'),
(20030306, '6 MARET 2003'),
(20030307, '7 MARET 2003'),
(20030308, '8 MARET 2003'),
(20030309, '9 MARET 2003'),
(20030310, '10 MARET 2003'),
(20030311, '11 MARET 2003'),
(20030312, '12 MARET 2003'),
(20030313, '13 MARET 2003'),
(20030314, '14 MARET 2003'),
(20030315, '15 MARET 2003'),
(20030316, '16 MARET 2003'),
(20030317, '17 MARET 2003'),
(20030318, '18 MARET 2003'),
(20030319, '19 MARET 2003'),
(20030320, '20 MARET 2003'),
(20030321, '21 MARET 2003'),
(20030322, '22 MARET 2003'),
(20030323, '23 MARET 2003'),
(20030324, '24 MARET 2003'),
(20030325, '25 MARET 2003'),
(20030326, '26 MARET 2003'),
(20030327, '27 MARET 2003'),
(20030328, '28 MARET 2003'),
(20030329, '29 MARET 2003'),
(20030330, '30 MARET 2003'),
(20030331, '31 MARET 2003'),
(20030401, '1 APRIL 2003'),
(20030402, '2 APRIL 2003'),
(20030403, '3 APRIL 2003'),
(20030404, '4 APRIL 2003'),
(20030405, '5 APRIL 2003'),
(20030406, '6 APRIL 2003'),
(20030407, '7 APRIL 2003'),
(20030408, '8 APRIL 2003'),
(20030409, '9 APRIL 2003'),
(20030410, '10 APRIL 2003'),
(20030411, '11 APRIL 2003'),
(20030412, '12 APRIL 2003'),
(20030413, '13 APRIL 2003'),
(20030414, '14 APRIL 2003'),
(20030415, '15 APRIL 2003'),
(20030416, '16 APRIL 2003'),
(20030417, '17 APRIL 2003'),
(20030418, '18 APRIL 2003'),
(20030419, '19 APRIL 2003'),
(20030420, '20 APRIL 2003'),
(20030421, '21 APRIL 2003'),
(20030422, '22 APRIL 2003'),
(20030423, '23 APRIL 2003'),
(20030424, '24 APRIL 2003'),
(20030425, '25 APRIL 2003'),
(20030426, '26 APRIL 2003'),
(20030427, '27 APRIL 2003'),
(20030428, '28 APRIL 2003'),
(20030429, '29 APRIL 2003'),
(20030430, '30 APRIL 2003'),
(20030501, '1 MEI 2003'),
(20030502, '2 MEI 2003'),
(20030503, '3 MEI 2003'),
(20030504, '4 MEI 2003'),
(20030505, '5 MEI 2003'),
(20030506, '6 MEI 2003'),
(20030507, '7 MEI 2003'),
(20030508, '8 MEI 2003'),
(20030509, '9 MEI 2003'),
(20030510, '10 MEI 2003'),
(20030511, '11 MEI 2003'),
(20030512, '12 MEI 2003'),
(20030513, '13 MEI 2003'),
(20030514, '14 MEI 2003'),
(20030515, '15 MEI 2003'),
(20030516, '16 MEI 2003'),
(20030517, '17 MEI 2003'),
(20030518, '18 MEI 2003'),
(20030519, '19 MEI 2003'),
(20030520, '20 MEI 2003'),
(20030521, '21 MEI 2003'),
(20030522, '22 MEI 2003'),
(20030523, '23 MEI 2003'),
(20030524, '24 MEI 2003'),
(20030525, '25 MEI 2003'),
(20030526, '26 MEI 2003'),
(20030527, '27 MEI 2003'),
(20030528, '28 MEI 2003'),
(20030529, '29 MEI 2003'),
(20030530, '30 MEI 2003'),
(20030531, '31 MEI 2003'),
(20030601, '1 JUNI 2003'),
(20030602, '2 JUNI 2003'),
(20030603, '3 JUNI 2003'),
(20030604, '4 JUNI 2003'),
(20030605, '5 JUNI 2003'),
(20030606, '6 JUNI 2003'),
(20030607, '7 JUNI 2003'),
(20030608, '8 JUNI 2003'),
(20030609, '9 JUNI 2003'),
(20030610, '10 JUNI 2003'),
(20030611, '11 JUNI 2003'),
(20030612, '12 JUNI 2003'),
(20030613, '13 JUNI 2003'),
(20030614, '14 JUNI 2003'),
(20030615, '15 JUNI 2003'),
(20030616, '16 JUNI 2003'),
(20030617, '17 JUNI 2003'),
(20030618, '18 JUNI 2003'),
(20030619, '19 JUNI 2003'),
(20030620, '20 JUNI 2003'),
(20030621, '21 JUNI 2003'),
(20030622, '22 JUNI 2003'),
(20030623, '23 JUNI 2003'),
(20030624, '24 JUNI 2003'),
(20030625, '25 JUNI 2003'),
(20030626, '26 JUNI 2003'),
(20030627, '27 JUNI 2003'),
(20030628, '28 JUNI 2003'),
(20030629, '29 JUNI 2003'),
(20030630, '30 JUNI 2003'),
(20030701, '1 JULI 2003'),
(20030702, '2 JULI 2003'),
(20030703, '3 JULI 2003'),
(20030704, '4 JULI 2003'),
(20030705, '5 JULI 2003'),
(20030706, '6 JULI 2003'),
(20030707, '7 JULI 2003'),
(20030708, '8 JULI 2003'),
(20030709, '9 JULI 2003'),
(20030710, '10 JULI 2003'),
(20030711, '11 JULI 2003'),
(20030712, '12 JULI 2003'),
(20030713, '13 JULI 2003'),
(20030714, '14 JULI 2003'),
(20030715, '15 JULI 2003'),
(20030716, '16 JULI 2003'),
(20030717, '17 JULI 2003'),
(20030718, '18 JULI 2003'),
(20030719, '19 JULI 2003'),
(20030720, '20 JULI 2003'),
(20030721, '21 JULI 2003'),
(20030722, '22 JULI 2003'),
(20030723, '23 JULI 2003'),
(20030724, '24 JULI 2003'),
(20030725, '25 JULI 2003'),
(20030726, '26 JULI 2003'),
(20030727, '27 JULI 2003'),
(20030728, '28 JULI 2003'),
(20030729, '29 JULI 2003'),
(20030730, '30 JULI 2003'),
(20030731, '31 JULI 2003'),
(20030801, '1 AGUSTUS 2003'),
(20030802, '2 AGUSTUS 2003'),
(20030803, '3 AGUSTUS 2003'),
(20030804, '4 AGUSTUS 2003'),
(20030805, '5 AGUSTUS 2003'),
(20030806, '6 AGUSTUS 2003'),
(20030807, '7 AGUSTUS 2003'),
(20030808, '8 AGUSTUS 2003'),
(20030809, '9 AGUSTUS 2003'),
(20030810, '10 AGUSTUS 2003'),
(20030811, '11 AGUSTUS 2003'),
(20030812, '12 AGUSTUS 2003'),
(20030813, '13 AGUSTUS 2003'),
(20030814, '14 AGUSTUS 2003'),
(20030815, '15 AGUSTUS 2003'),
(20030816, '16 AGUSTUS 2003'),
(20030817, '17 AGUSTUS 2003'),
(20030818, '18 AGUSTUS 2003'),
(20030819, '19 AGUSTUS 2003'),
(20030820, '20 AGUSTUS 2003'),
(20030821, '21 AGUSTUS 2003'),
(20030822, '22 AGUSTUS 2003'),
(20030823, '23 AGUSTUS 2003'),
(20030824, '24 AGUSTUS 2003'),
(20030825, '25 AGUSTUS 2003'),
(20030826, '26 AGUSTUS 2003'),
(20030827, '27 AGUSTUS 2003'),
(20030828, '28 AGUSTUS 2003'),
(20030829, '29 AGUSTUS 2003'),
(20030830, '30 AGUSTUS 2003'),
(20030831, '31 AGUSTUS 2003'),
(20030901, '1 SEPTEMBER 2003'),
(20030902, '2 SEPTEMBER 2003'),
(20030903, '3 SEPTEMBER 2003'),
(20030904, '4 SEPTEMBER 2003'),
(20030905, '5 SEPTEMBER 2003'),
(20030906, '6 SEPTEMBER 2003'),
(20030907, '7 SEPTEMBER 2003'),
(20030908, '8 SEPTEMBER 2003'),
(20030909, '9 SEPTEMBER 2003'),
(20030910, '10 SEPTEMBER 2003'),
(20030911, '11 SEPTEMBER 2003'),
(20030912, '12 SEPTEMBER 2003'),
(20030913, '13 SEPTEMBER 2003'),
(20030914, '14 SEPTEMBER 2003'),
(20030915, '15 SEPTEMBER 2003'),
(20030916, '16 SEPTEMBER 2003'),
(20030917, '17 SEPTEMBER 2003'),
(20030918, '18 SEPTEMBER 2003'),
(20030919, '19 SEPTEMBER 2003'),
(20030920, '20 SEPTEMBER 2003'),
(20030921, '21 SEPTEMBER 2003'),
(20030922, '22 SEPTEMBER 2003'),
(20030923, '23 SEPTEMBER 2003'),
(20030924, '24 SEPTEMBER 2003'),
(20030925, '25 SEPTEMBER 2003'),
(20030926, '26 SEPTEMBER 2003'),
(20030927, '27 SEPTEMBER 2003'),
(20030928, '28 SEPTEMBER 2003'),
(20030929, '29 SEPTEMBER 2003'),
(20030930, '30 SEPTEMBER 2003'),
(20031001, '1 OKTOBER 2003'),
(20031002, '2 OKTOBER 2003'),
(20031003, '3 OKTOBER 2003'),
(20031004, '4 OKTOBER 2003'),
(20031005, '5 OKTOBER 2003'),
(20031006, '6 OKTOBER 2003'),
(20031007, '7 OKTOBER 2003'),
(20031008, '8 OKTOBER 2003'),
(20031009, '9 OKTOBER 2003'),
(20031010, '10 OKTOBER 2003'),
(20031011, '11 OKTOBER 2003'),
(20031012, '12 OKTOBER 2003'),
(20031013, '13 OKTOBER 2003'),
(20031014, '14 OKTOBER 2003'),
(20031015, '15 OKTOBER 2003'),
(20031016, '16 OKTOBER 2003'),
(20031017, '17 OKTOBER 2003'),
(20031018, '18 OKTOBER 2003'),
(20031019, '19 OKTOBER 2003'),
(20031020, '20 OKTOBER 2003'),
(20031021, '21 OKTOBER 2003'),
(20031022, '22 OKTOBER 2003'),
(20031023, '23 OKTOBER 2003'),
(20031024, '24 OKTOBER 2003'),
(20031025, '25 OKTOBER 2003'),
(20031026, '26 OKTOBER 2003'),
(20031027, '27 OKTOBER 2003'),
(20031028, '28 OKTOBER 2003'),
(20031029, '29 OKTOBER 2003'),
(20031030, '30 OKTOBER 2003'),
(20031031, '31 OKTOBER 2003'),
(20031101, '1 NOVEMBER 2003'),
(20031102, '2 NOVEMBER 2003'),
(20031103, '3 NOVEMBER 2003'),
(20031104, '4 NOVEMBER 2003'),
(20031105, '5 NOVEMBER 2003'),
(20031106, '6 NOVEMBER 2003'),
(20031107, '7 NOVEMBER 2003'),
(20031108, '8 NOVEMBER 2003'),
(20031109, '9 NOVEMBER 2003'),
(20031110, '10 NOVEMBER 2003'),
(20031111, '11 NOVEMBER 2003'),
(20031112, '12 NOVEMBER 2003'),
(20031113, '13 NOVEMBER 2003'),
(20031114, '14 NOVEMBER 2003'),
(20031115, '15 NOVEMBER 2003'),
(20031116, '16 NOVEMBER 2003'),
(20031117, '17 NOVEMBER 2003'),
(20031118, '18 NOVEMBER 2003'),
(20031119, '19 NOVEMBER 2003'),
(20031120, '20 NOVEMBER 2003'),
(20031121, '21 NOVEMBER 2003'),
(20031122, '22 NOVEMBER 2003'),
(20031123, '23 NOVEMBER 2003'),
(20031124, '24 NOVEMBER 2003'),
(20031125, '25 NOVEMBER 2003'),
(20031126, '26 NOVEMBER 2003'),
(20031127, '27 NOVEMBER 2003'),
(20031128, '28 NOVEMBER 2003'),
(20031129, '29 NOVEMBER 2003'),
(20031130, '30 NOVEMBER 2003'),
(20031201, '1 DESEMBER 2003'),
(20031202, '2 DESEMBER 2003'),
(20031203, '3 DESEMBER 2003'),
(20031204, '4 DESEMBER 2003'),
(20031205, '5 DESEMBER 2003'),
(20031206, '6 DESEMBER 2003'),
(20031207, '7 DESEMBER 2003'),
(20031208, '8 DESEMBER 2003'),
(20031209, '9 DESEMBER 2003'),
(20031210, '10 DESEMBER 2003'),
(20031211, '11 DESEMBER 2003'),
(20031212, '12 DESEMBER 2003'),
(20031213, '13 DESEMBER 2003'),
(20031214, '14 DESEMBER 2003'),
(20031215, '15 DESEMBER 2003'),
(20031216, '16 DESEMBER 2003'),
(20031217, '17 DESEMBER 2003'),
(20031218, '18 DESEMBER 2003'),
(20031219, '19 DESEMBER 2003'),
(20031220, '20 DESEMBER 2003'),
(20031221, '21 DESEMBER 2003'),
(20031222, '22 DESEMBER 2003'),
(20031223, '23 DESEMBER 2003'),
(20031224, '24 DESEMBER 2003'),
(20031225, '25 DESEMBER 2003'),
(20031226, '26 DESEMBER 2003'),
(20031227, '27 DESEMBER 2003'),
(20031228, '28 DESEMBER 2003'),
(20031229, '29 DESEMBER 2003'),
(20031230, '30 DESEMBER 2003'),
(20031231, '31 DESEMBER 2003'),
(20040101, '1 JANUARI 2004'),
(20040102, '2 JANUARI 2004'),
(20040103, '3 JANUARI 2004'),
(20040104, '4 JANUARI 2004'),
(20040105, '5 JANUARI 2004'),
(20040106, '6 JANUARI 2004'),
(20040107, '7 JANUARI 2004'),
(20040108, '8 JANUARI 2004'),
(20040109, '9 JANUARI 2004'),
(20040110, '10 JANUARI 2004'),
(20040111, '11 JANUARI 2004'),
(20040112, '12 JANUARI 2004'),
(20040113, '13 JANUARI 2004'),
(20040114, '14 JANUARI 2004'),
(20040115, '15 JANUARI 2004'),
(20040116, '16 JANUARI 2004'),
(20040117, '17 JANUARI 2004'),
(20040118, '18 JANUARI 2004'),
(20040119, '19 JANUARI 2004'),
(20040120, '20 JANUARI 2004'),
(20040121, '21 JANUARI 2004'),
(20040122, '22 JANUARI 2004'),
(20040123, '23 JANUARI 2004'),
(20040124, '24 JANUARI 2004'),
(20040125, '25 JANUARI 2004'),
(20040126, '26 JANUARI 2004'),
(20040127, '27 JANUARI 2004'),
(20040128, '28 JANUARI 2004'),
(20040129, '29 JANUARI 2004'),
(20040130, '30 JANUARI 2004'),
(20040131, '31 JANUARI 2004'),
(20040201, '1 FEBRUARI 2004'),
(20040202, '2 FEBRUARI 2004'),
(20040203, '3 FEBRUARI 2004'),
(20040204, '4 FEBRUARI 2004'),
(20040205, '5 FEBRUARI 2004'),
(20040206, '6 FEBRUARI 2004'),
(20040207, '7 FEBRUARI 2004'),
(20040208, '8 FEBRUARI 2004'),
(20040209, '9 FEBRUARI 2004'),
(20040210, '10 FEBRUARI 2004'),
(20040211, '11 FEBRUARI 2004'),
(20040212, '12 FEBRUARI 2004'),
(20040213, '13 FEBRUARI 2004'),
(20040214, '14 FEBRUARI 2004'),
(20040215, '15 FEBRUARI 2004'),
(20040216, '16 FEBRUARI 2004'),
(20040217, '17 FEBRUARI 2004'),
(20040218, '18 FEBRUARI 2004'),
(20040219, '19 FEBRUARI 2004'),
(20040220, '20 FEBRUARI 2004'),
(20040221, '21 FEBRUARI 2004'),
(20040222, '22 FEBRUARI 2004'),
(20040223, '23 FEBRUARI 2004'),
(20040224, '24 FEBRUARI 2004'),
(20040225, '25 FEBRUARI 2004'),
(20040226, '26 FEBRUARI 2004'),
(20040227, '27 FEBRUARI 2004'),
(20040228, '28 FEBRUARI 2004'),
(20040229, '29 FEBRUARI 2004'),
(20040301, '1 MARET 2004'),
(20040302, '2 MARET 2004'),
(20040303, '3 MARET 2004'),
(20040304, '4 MARET 2004'),
(20040305, '5 MARET 2004'),
(20040306, '6 MARET 2004'),
(20040307, '7 MARET 2004'),
(20040308, '8 MARET 2004'),
(20040309, '9 MARET 2004'),
(20040310, '10 MARET 2004'),
(20040311, '11 MARET 2004'),
(20040312, '12 MARET 2004'),
(20040313, '13 MARET 2004'),
(20040314, '14 MARET 2004'),
(20040315, '15 MARET 2004'),
(20040316, '16 MARET 2004'),
(20040317, '17 MARET 2004'),
(20040318, '18 MARET 2004'),
(20040319, '19 MARET 2004'),
(20040320, '20 MARET 2004'),
(20040321, '21 MARET 2004'),
(20040322, '22 MARET 2004'),
(20040323, '23 MARET 2004'),
(20040324, '24 MARET 2004'),
(20040325, '25 MARET 2004'),
(20040326, '26 MARET 2004'),
(20040327, '27 MARET 2004'),
(20040328, '28 MARET 2004'),
(20040329, '29 MARET 2004'),
(20040330, '30 MARET 2004'),
(20040331, '31 MARET 2004'),
(20040401, '1 APRIL 2004'),
(20040402, '2 APRIL 2004'),
(20040403, '3 APRIL 2004'),
(20040404, '4 APRIL 2004'),
(20040405, '5 APRIL 2004'),
(20040406, '6 APRIL 2004'),
(20040407, '7 APRIL 2004'),
(20040408, '8 APRIL 2004'),
(20040409, '9 APRIL 2004'),
(20040410, '10 APRIL 2004'),
(20040411, '11 APRIL 2004'),
(20040412, '12 APRIL 2004'),
(20040413, '13 APRIL 2004'),
(20040414, '14 APRIL 2004'),
(20040415, '15 APRIL 2004'),
(20040416, '16 APRIL 2004'),
(20040417, '17 APRIL 2004'),
(20040418, '18 APRIL 2004'),
(20040419, '19 APRIL 2004'),
(20040420, '20 APRIL 2004'),
(20040421, '21 APRIL 2004'),
(20040422, '22 APRIL 2004'),
(20040423, '23 APRIL 2004'),
(20040424, '24 APRIL 2004'),
(20040425, '25 APRIL 2004'),
(20040426, '26 APRIL 2004'),
(20040427, '27 APRIL 2004'),
(20040428, '28 APRIL 2004'),
(20040429, '29 APRIL 2004'),
(20040430, '30 APRIL 2004'),
(20040501, '1 MEI 2004'),
(20040502, '2 MEI 2004'),
(20040503, '3 MEI 2004'),
(20040504, '4 MEI 2004'),
(20040505, '5 MEI 2004'),
(20040506, '6 MEI 2004'),
(20040507, '7 MEI 2004'),
(20040508, '8 MEI 2004'),
(20040509, '9 MEI 2004'),
(20040510, '10 MEI 2004'),
(20040511, '11 MEI 2004'),
(20040512, '12 MEI 2004'),
(20040513, '13 MEI 2004'),
(20040514, '14 MEI 2004'),
(20040515, '15 MEI 2004'),
(20040516, '16 MEI 2004'),
(20040517, '17 MEI 2004'),
(20040518, '18 MEI 2004'),
(20040519, '19 MEI 2004'),
(20040520, '20 MEI 2004'),
(20040521, '21 MEI 2004'),
(20040522, '22 MEI 2004'),
(20040523, '23 MEI 2004'),
(20040524, '24 MEI 2004'),
(20040525, '25 MEI 2004'),
(20040526, '26 MEI 2004'),
(20040527, '27 MEI 2004'),
(20040528, '28 MEI 2004'),
(20040529, '29 MEI 2004'),
(20040530, '30 MEI 2004'),
(20040531, '31 MEI 2004'),
(20040601, '1 JUNI 2004'),
(20040602, '2 JUNI 2004'),
(20040603, '3 JUNI 2004'),
(20040604, '4 JUNI 2004'),
(20040605, '5 JUNI 2004'),
(20040606, '6 JUNI 2004'),
(20040607, '7 JUNI 2004'),
(20040608, '8 JUNI 2004'),
(20040609, '9 JUNI 2004'),
(20040610, '10 JUNI 2004'),
(20040611, '11 JUNI 2004'),
(20040612, '12 JUNI 2004'),
(20040613, '13 JUNI 2004'),
(20040614, '14 JUNI 2004'),
(20040615, '15 JUNI 2004'),
(20040616, '16 JUNI 2004'),
(20040617, '17 JUNI 2004'),
(20040618, '18 JUNI 2004'),
(20040619, '19 JUNI 2004'),
(20040620, '20 JUNI 2004'),
(20040621, '21 JUNI 2004'),
(20040622, '22 JUNI 2004'),
(20040623, '23 JUNI 2004'),
(20040624, '24 JUNI 2004'),
(20040625, '25 JUNI 2004'),
(20040626, '26 JUNI 2004'),
(20040627, '27 JUNI 2004'),
(20040628, '28 JUNI 2004'),
(20040629, '29 JUNI 2004'),
(20040630, '30 JUNI 2004'),
(20040701, '1 JULI 2004'),
(20040702, '2 JULI 2004'),
(20040703, '3 JULI 2004'),
(20040704, '4 JULI 2004'),
(20040705, '5 JULI 2004'),
(20040706, '6 JULI 2004'),
(20040707, '7 JULI 2004'),
(20040708, '8 JULI 2004'),
(20040709, '9 JULI 2004'),
(20040710, '10 JULI 2004'),
(20040711, '11 JULI 2004'),
(20040712, '12 JULI 2004'),
(20040713, '13 JULI 2004'),
(20040714, '14 JULI 2004'),
(20040715, '15 JULI 2004'),
(20040716, '16 JULI 2004'),
(20040717, '17 JULI 2004'),
(20040718, '18 JULI 2004'),
(20040719, '19 JULI 2004'),
(20040720, '20 JULI 2004'),
(20040721, '21 JULI 2004'),
(20040722, '22 JULI 2004'),
(20040723, '23 JULI 2004'),
(20040724, '24 JULI 2004'),
(20040725, '25 JULI 2004'),
(20040726, '26 JULI 2004'),
(20040727, '27 JULI 2004'),
(20040728, '28 JULI 2004'),
(20040729, '29 JULI 2004'),
(20040730, '30 JULI 2004'),
(20040731, '31 JULI 2004'),
(20040801, '1 AGUSTUS 2004'),
(20040802, '2 AGUSTUS 2004'),
(20040803, '3 AGUSTUS 2004'),
(20040804, '4 AGUSTUS 2004'),
(20040805, '5 AGUSTUS 2004'),
(20040806, '6 AGUSTUS 2004'),
(20040807, '7 AGUSTUS 2004'),
(20040808, '8 AGUSTUS 2004'),
(20040809, '9 AGUSTUS 2004'),
(20040810, '10 AGUSTUS 2004'),
(20040811, '11 AGUSTUS 2004'),
(20040812, '12 AGUSTUS 2004'),
(20040813, '13 AGUSTUS 2004'),
(20040814, '14 AGUSTUS 2004'),
(20040815, '15 AGUSTUS 2004'),
(20040816, '16 AGUSTUS 2004'),
(20040817, '17 AGUSTUS 2004'),
(20040818, '18 AGUSTUS 2004'),
(20040819, '19 AGUSTUS 2004'),
(20040820, '20 AGUSTUS 2004'),
(20040821, '21 AGUSTUS 2004'),
(20040822, '22 AGUSTUS 2004'),
(20040823, '23 AGUSTUS 2004'),
(20040824, '24 AGUSTUS 2004'),
(20040825, '25 AGUSTUS 2004'),
(20040826, '26 AGUSTUS 2004'),
(20040827, '27 AGUSTUS 2004'),
(20040828, '28 AGUSTUS 2004'),
(20040829, '29 AGUSTUS 2004'),
(20040830, '30 AGUSTUS 2004'),
(20040831, '31 AGUSTUS 2004'),
(20040901, '1 SEPTEMBER 2004'),
(20040902, '2 SEPTEMBER 2004'),
(20040903, '3 SEPTEMBER 2004'),
(20040904, '4 SEPTEMBER 2004'),
(20040905, '5 SEPTEMBER 2004'),
(20040906, '6 SEPTEMBER 2004'),
(20040907, '7 SEPTEMBER 2004'),
(20040908, '8 SEPTEMBER 2004'),
(20040909, '9 SEPTEMBER 2004'),
(20040910, '10 SEPTEMBER 2004'),
(20040911, '11 SEPTEMBER 2004'),
(20040912, '12 SEPTEMBER 2004'),
(20040913, '13 SEPTEMBER 2004'),
(20040914, '14 SEPTEMBER 2004'),
(20040915, '15 SEPTEMBER 2004'),
(20040916, '16 SEPTEMBER 2004'),
(20040917, '17 SEPTEMBER 2004'),
(20040918, '18 SEPTEMBER 2004'),
(20040919, '19 SEPTEMBER 2004'),
(20040920, '20 SEPTEMBER 2004'),
(20040921, '21 SEPTEMBER 2004'),
(20040922, '22 SEPTEMBER 2004'),
(20040923, '23 SEPTEMBER 2004'),
(20040924, '24 SEPTEMBER 2004'),
(20040925, '25 SEPTEMBER 2004'),
(20040926, '26 SEPTEMBER 2004'),
(20040927, '27 SEPTEMBER 2004'),
(20040928, '28 SEPTEMBER 2004'),
(20040929, '29 SEPTEMBER 2004'),
(20040930, '30 SEPTEMBER 2004'),
(20041001, '1 OKTOBER 2004'),
(20041002, '2 OKTOBER 2004'),
(20041003, '3 OKTOBER 2004'),
(20041004, '4 OKTOBER 2004'),
(20041005, '5 OKTOBER 2004'),
(20041006, '6 OKTOBER 2004'),
(20041007, '7 OKTOBER 2004'),
(20041008, '8 OKTOBER 2004'),
(20041009, '9 OKTOBER 2004'),
(20041010, '10 OKTOBER 2004'),
(20041011, '11 OKTOBER 2004'),
(20041012, '12 OKTOBER 2004'),
(20041013, '13 OKTOBER 2004'),
(20041014, '14 OKTOBER 2004'),
(20041015, '15 OKTOBER 2004'),
(20041016, '16 OKTOBER 2004'),
(20041017, '17 OKTOBER 2004'),
(20041018, '18 OKTOBER 2004'),
(20041019, '19 OKTOBER 2004'),
(20041020, '20 OKTOBER 2004'),
(20041021, '21 OKTOBER 2004'),
(20041022, '22 OKTOBER 2004'),
(20041023, '23 OKTOBER 2004'),
(20041024, '24 OKTOBER 2004'),
(20041025, '25 OKTOBER 2004'),
(20041026, '26 OKTOBER 2004'),
(20041027, '27 OKTOBER 2004'),
(20041028, '28 OKTOBER 2004'),
(20041029, '29 OKTOBER 2004'),
(20041030, '30 OKTOBER 2004'),
(20041031, '31 OKTOBER 2004'),
(20041101, '1 NOVEMBER 2004'),
(20041102, '2 NOVEMBER 2004'),
(20041103, '3 NOVEMBER 2004'),
(20041104, '4 NOVEMBER 2004'),
(20041105, '5 NOVEMBER 2004'),
(20041106, '6 NOVEMBER 2004'),
(20041107, '7 NOVEMBER 2004'),
(20041108, '8 NOVEMBER 2004'),
(20041109, '9 NOVEMBER 2004'),
(20041110, '10 NOVEMBER 2004'),
(20041111, '11 NOVEMBER 2004'),
(20041112, '12 NOVEMBER 2004'),
(20041113, '13 NOVEMBER 2004'),
(20041114, '14 NOVEMBER 2004'),
(20041115, '15 NOVEMBER 2004'),
(20041116, '16 NOVEMBER 2004'),
(20041117, '17 NOVEMBER 2004'),
(20041118, '18 NOVEMBER 2004'),
(20041119, '19 NOVEMBER 2004'),
(20041120, '20 NOVEMBER 2004'),
(20041121, '21 NOVEMBER 2004'),
(20041122, '22 NOVEMBER 2004'),
(20041123, '23 NOVEMBER 2004'),
(20041124, '24 NOVEMBER 2004'),
(20041125, '25 NOVEMBER 2004'),
(20041126, '26 NOVEMBER 2004'),
(20041127, '27 NOVEMBER 2004'),
(20041128, '28 NOVEMBER 2004'),
(20041129, '29 NOVEMBER 2004'),
(20041130, '30 NOVEMBER 2004'),
(20041201, '1 DESEMBER 2004'),
(20041202, '2 DESEMBER 2004'),
(20041203, '3 DESEMBER 2004'),
(20041204, '4 DESEMBER 2004'),
(20041205, '5 DESEMBER 2004'),
(20041206, '6 DESEMBER 2004'),
(20041207, '7 DESEMBER 2004'),
(20041208, '8 DESEMBER 2004'),
(20041209, '9 DESEMBER 2004'),
(20041210, '10 DESEMBER 2004'),
(20041211, '11 DESEMBER 2004'),
(20041212, '12 DESEMBER 2004'),
(20041213, '13 DESEMBER 2004'),
(20041214, '14 DESEMBER 2004'),
(20041215, '15 DESEMBER 2004'),
(20041216, '16 DESEMBER 2004'),
(20041217, '17 DESEMBER 2004'),
(20041218, '18 DESEMBER 2004'),
(20041219, '19 DESEMBER 2004'),
(20041220, '20 DESEMBER 2004'),
(20041221, '21 DESEMBER 2004'),
(20041222, '22 DESEMBER 2004'),
(20041223, '23 DESEMBER 2004'),
(20041224, '24 DESEMBER 2004'),
(20041225, '25 DESEMBER 2004'),
(20041226, '26 DESEMBER 2004'),
(20041227, '27 DESEMBER 2004'),
(20041228, '28 DESEMBER 2004'),
(20041229, '29 DESEMBER 2004'),
(20041230, '30 DESEMBER 2004'),
(20041231, '31 DESEMBER 2004'),
(20050101, '1 JANUARI 2005'),
(20050102, '2 JANUARI 2005'),
(20050103, '3 JANUARI 2005'),
(20050104, '4 JANUARI 2005'),
(20050105, '5 JANUARI 2005'),
(20050106, '6 JANUARI 2005'),
(20050107, '7 JANUARI 2005'),
(20050108, '8 JANUARI 2005'),
(20050109, '9 JANUARI 2005'),
(20050110, '10 JANUARI 2005'),
(20050111, '11 JANUARI 2005'),
(20050112, '12 JANUARI 2005'),
(20050113, '13 JANUARI 2005'),
(20050114, '14 JANUARI 2005'),
(20050115, '15 JANUARI 2005'),
(20050116, '16 JANUARI 2005'),
(20050117, '17 JANUARI 2005'),
(20050118, '18 JANUARI 2005'),
(20050119, '19 JANUARI 2005'),
(20050120, '20 JANUARI 2005'),
(20050121, '21 JANUARI 2005'),
(20050122, '22 JANUARI 2005'),
(20050123, '23 JANUARI 2005'),
(20050124, '24 JANUARI 2005'),
(20050125, '25 JANUARI 2005'),
(20050126, '26 JANUARI 2005'),
(20050127, '27 JANUARI 2005'),
(20050128, '28 JANUARI 2005'),
(20050129, '29 JANUARI 2005'),
(20050130, '30 JANUARI 2005'),
(20050131, '31 JANUARI 2005'),
(20050201, '1 FEBRUARI 2005'),
(20050202, '2 FEBRUARI 2005'),
(20050203, '3 FEBRUARI 2005'),
(20050204, '4 FEBRUARI 2005'),
(20050205, '5 FEBRUARI 2005'),
(20050206, '6 FEBRUARI 2005'),
(20050207, '7 FEBRUARI 2005'),
(20050208, '8 FEBRUARI 2005'),
(20050209, '9 FEBRUARI 2005'),
(20050210, '10 FEBRUARI 2005'),
(20050211, '11 FEBRUARI 2005'),
(20050212, '12 FEBRUARI 2005'),
(20050213, '13 FEBRUARI 2005'),
(20050214, '14 FEBRUARI 2005'),
(20050215, '15 FEBRUARI 2005'),
(20050216, '16 FEBRUARI 2005'),
(20050217, '17 FEBRUARI 2005'),
(20050218, '18 FEBRUARI 2005'),
(20050219, '19 FEBRUARI 2005'),
(20050220, '20 FEBRUARI 2005'),
(20050221, '21 FEBRUARI 2005'),
(20050222, '22 FEBRUARI 2005'),
(20050223, '23 FEBRUARI 2005'),
(20050224, '24 FEBRUARI 2005'),
(20050225, '25 FEBRUARI 2005'),
(20050226, '26 FEBRUARI 2005'),
(20050227, '27 FEBRUARI 2005'),
(20050228, '28 FEBRUARI 2005'),
(20050301, '1 MARET 2005'),
(20050302, '2 MARET 2005'),
(20050303, '3 MARET 2005'),
(20050304, '4 MARET 2005'),
(20050305, '5 MARET 2005'),
(20050306, '6 MARET 2005'),
(20050307, '7 MARET 2005'),
(20050308, '8 MARET 2005'),
(20050309, '9 MARET 2005'),
(20050310, '10 MARET 2005'),
(20050311, '11 MARET 2005'),
(20050312, '12 MARET 2005'),
(20050313, '13 MARET 2005'),
(20050314, '14 MARET 2005'),
(20050315, '15 MARET 2005'),
(20050316, '16 MARET 2005'),
(20050317, '17 MARET 2005'),
(20050318, '18 MARET 2005'),
(20050319, '19 MARET 2005'),
(20050320, '20 MARET 2005'),
(20050321, '21 MARET 2005'),
(20050322, '22 MARET 2005'),
(20050323, '23 MARET 2005'),
(20050324, '24 MARET 2005'),
(20050325, '25 MARET 2005'),
(20050326, '26 MARET 2005'),
(20050327, '27 MARET 2005'),
(20050328, '28 MARET 2005'),
(20050329, '29 MARET 2005'),
(20050330, '30 MARET 2005'),
(20050331, '31 MARET 2005'),
(20050401, '1 APRIL 2005'),
(20050402, '2 APRIL 2005'),
(20050403, '3 APRIL 2005'),
(20050404, '4 APRIL 2005'),
(20050405, '5 APRIL 2005'),
(20050406, '6 APRIL 2005'),
(20050407, '7 APRIL 2005'),
(20050408, '8 APRIL 2005'),
(20050409, '9 APRIL 2005'),
(20050410, '10 APRIL 2005'),
(20050411, '11 APRIL 2005'),
(20050412, '12 APRIL 2005'),
(20050413, '13 APRIL 2005'),
(20050414, '14 APRIL 2005'),
(20050415, '15 APRIL 2005'),
(20050416, '16 APRIL 2005'),
(20050417, '17 APRIL 2005'),
(20050418, '18 APRIL 2005'),
(20050419, '19 APRIL 2005'),
(20050420, '20 APRIL 2005'),
(20050421, '21 APRIL 2005'),
(20050422, '22 APRIL 2005'),
(20050423, '23 APRIL 2005'),
(20050424, '24 APRIL 2005'),
(20050425, '25 APRIL 2005'),
(20050426, '26 APRIL 2005'),
(20050427, '27 APRIL 2005'),
(20050428, '28 APRIL 2005'),
(20050429, '29 APRIL 2005'),
(20050430, '30 APRIL 2005'),
(20050501, '1 MEI 2005'),
(20050502, '2 MEI 2005'),
(20050503, '3 MEI 2005'),
(20050504, '4 MEI 2005'),
(20050505, '5 MEI 2005'),
(20050506, '6 MEI 2005'),
(20050507, '7 MEI 2005'),
(20050508, '8 MEI 2005'),
(20050509, '9 MEI 2005'),
(20050510, '10 MEI 2005'),
(20050511, '11 MEI 2005'),
(20050512, '12 MEI 2005'),
(20050513, '13 MEI 2005'),
(20050514, '14 MEI 2005'),
(20050515, '15 MEI 2005'),
(20050516, '16 MEI 2005'),
(20050517, '17 MEI 2005'),
(20050518, '18 MEI 2005'),
(20050519, '19 MEI 2005'),
(20050520, '20 MEI 2005'),
(20050521, '21 MEI 2005'),
(20050522, '22 MEI 2005'),
(20050523, '23 MEI 2005'),
(20050524, '24 MEI 2005'),
(20050525, '25 MEI 2005'),
(20050526, '26 MEI 2005'),
(20050527, '27 MEI 2005'),
(20050528, '28 MEI 2005'),
(20050529, '29 MEI 2005'),
(20050530, '30 MEI 2005'),
(20050531, '31 MEI 2005'),
(20050601, '1 JUNI 2005'),
(20050602, '2 JUNI 2005'),
(20050603, '3 JUNI 2005'),
(20050604, '4 JUNI 2005'),
(20050605, '5 JUNI 2005'),
(20050606, '6 JUNI 2005'),
(20050607, '7 JUNI 2005'),
(20050608, '8 JUNI 2005'),
(20050609, '9 JUNI 2005'),
(20050610, '10 JUNI 2005'),
(20050611, '11 JUNI 2005'),
(20050612, '12 JUNI 2005'),
(20050613, '13 JUNI 2005'),
(20050614, '14 JUNI 2005'),
(20050615, '15 JUNI 2005'),
(20050616, '16 JUNI 2005'),
(20050617, '17 JUNI 2005'),
(20050618, '18 JUNI 2005'),
(20050619, '19 JUNI 2005'),
(20050620, '20 JUNI 2005'),
(20050621, '21 JUNI 2005'),
(20050622, '22 JUNI 2005'),
(20050623, '23 JUNI 2005'),
(20050624, '24 JUNI 2005'),
(20050625, '25 JUNI 2005'),
(20050626, '26 JUNI 2005'),
(20050627, '27 JUNI 2005'),
(20050628, '28 JUNI 2005'),
(20050629, '29 JUNI 2005'),
(20050630, '30 JUNI 2005'),
(20050701, '1 JULI 2005'),
(20050702, '2 JULI 2005'),
(20050703, '3 JULI 2005'),
(20050704, '4 JULI 2005'),
(20050705, '5 JULI 2005'),
(20050706, '6 JULI 2005'),
(20050707, '7 JULI 2005'),
(20050708, '8 JULI 2005'),
(20050709, '9 JULI 2005'),
(20050710, '10 JULI 2005'),
(20050711, '11 JULI 2005'),
(20050712, '12 JULI 2005'),
(20050713, '13 JULI 2005'),
(20050714, '14 JULI 2005'),
(20050715, '15 JULI 2005'),
(20050716, '16 JULI 2005'),
(20050717, '17 JULI 2005'),
(20050718, '18 JULI 2005'),
(20050719, '19 JULI 2005'),
(20050720, '20 JULI 2005'),
(20050721, '21 JULI 2005'),
(20050722, '22 JULI 2005'),
(20050723, '23 JULI 2005'),
(20050724, '24 JULI 2005'),
(20050725, '25 JULI 2005'),
(20050726, '26 JULI 2005'),
(20050727, '27 JULI 2005'),
(20050728, '28 JULI 2005'),
(20050729, '29 JULI 2005'),
(20050730, '30 JULI 2005'),
(20050731, '31 JULI 2005'),
(20050801, '1 AGUSTUS 2005'),
(20050802, '2 AGUSTUS 2005'),
(20050803, '3 AGUSTUS 2005'),
(20050804, '4 AGUSTUS 2005'),
(20050805, '5 AGUSTUS 2005'),
(20050806, '6 AGUSTUS 2005'),
(20050807, '7 AGUSTUS 2005'),
(20050808, '8 AGUSTUS 2005'),
(20050809, '9 AGUSTUS 2005'),
(20050810, '10 AGUSTUS 2005'),
(20050811, '11 AGUSTUS 2005'),
(20050812, '12 AGUSTUS 2005'),
(20050813, '13 AGUSTUS 2005'),
(20050814, '14 AGUSTUS 2005'),
(20050815, '15 AGUSTUS 2005'),
(20050816, '16 AGUSTUS 2005'),
(20050817, '17 AGUSTUS 2005'),
(20050818, '18 AGUSTUS 2005'),
(20050819, '19 AGUSTUS 2005'),
(20050820, '20 AGUSTUS 2005'),
(20050821, '21 AGUSTUS 2005'),
(20050822, '22 AGUSTUS 2005'),
(20050823, '23 AGUSTUS 2005'),
(20050824, '24 AGUSTUS 2005'),
(20050825, '25 AGUSTUS 2005'),
(20050826, '26 AGUSTUS 2005'),
(20050827, '27 AGUSTUS 2005'),
(20050828, '28 AGUSTUS 2005'),
(20050829, '29 AGUSTUS 2005'),
(20050830, '30 AGUSTUS 2005'),
(20050831, '31 AGUSTUS 2005'),
(20050901, '1 SEPTEMBER 2005'),
(20050902, '2 SEPTEMBER 2005'),
(20050903, '3 SEPTEMBER 2005'),
(20050904, '4 SEPTEMBER 2005'),
(20050905, '5 SEPTEMBER 2005'),
(20050906, '6 SEPTEMBER 2005'),
(20050907, '7 SEPTEMBER 2005'),
(20050908, '8 SEPTEMBER 2005'),
(20050909, '9 SEPTEMBER 2005'),
(20050910, '10 SEPTEMBER 2005'),
(20050911, '11 SEPTEMBER 2005'),
(20050912, '12 SEPTEMBER 2005'),
(20050913, '13 SEPTEMBER 2005'),
(20050914, '14 SEPTEMBER 2005'),
(20050915, '15 SEPTEMBER 2005'),
(20050916, '16 SEPTEMBER 2005'),
(20050917, '17 SEPTEMBER 2005'),
(20050918, '18 SEPTEMBER 2005'),
(20050919, '19 SEPTEMBER 2005'),
(20050920, '20 SEPTEMBER 2005'),
(20050921, '21 SEPTEMBER 2005'),
(20050922, '22 SEPTEMBER 2005'),
(20050923, '23 SEPTEMBER 2005'),
(20050924, '24 SEPTEMBER 2005'),
(20050925, '25 SEPTEMBER 2005'),
(20050926, '26 SEPTEMBER 2005');

--
-- Indexes for dumped tables
--

--
-- Indeks untuk tabel `dim_employees`
--
ALTER TABLE `dim_employees`
  ADD PRIMARY KEY (`id`);

--
-- Indeks untuk tabel `dim_fakta`
--
ALTER TABLE `dim_fakta`
  ADD PRIMARY KEY (`id`);

--
-- Indeks untuk tabel `dim_waktu`
--
ALTER TABLE `dim_waktu`
  ADD PRIMARY KEY (`id`);

--
-- AUTO_INCREMENT untuk tabel yang dibuang
--

--
-- AUTO_INCREMENT untuk tabel `dim_employees`
--
ALTER TABLE `dim_employees`
  MODIFY `id` int(11) NOT NULL AUTO_INCREMENT, AUTO_INCREMENT=24;

--
-- AUTO_INCREMENT untuk tabel `dim_fakta`
--
ALTER TABLE `dim_fakta`
  MODIFY `id` int(11) NOT NULL AUTO_INCREMENT, AUTO_INCREMENT=274;

--
-- AUTO_INCREMENT untuk tabel `dim_waktu`
--
ALTER TABLE `dim_waktu`
  MODIFY `id` int(11) NOT NULL AUTO_INCREMENT, AUTO_INCREMENT=20050927;
COMMIT;

/*!40101 SET CHARACTER_SET_CLIENT=@OLD_CHARACTER_SET_CLIENT */;
/*!40101 SET CHARACTER_SET_RESULTS=@OLD_CHARACTER_SET_RESULTS */;
/*!40101 SET COLLATION_CONNECTION=@OLD_COLLATION_CONNECTION */;
